{
    "Data Source": "derived:com.google.internal.goal:com.google.android.apps.fitness:com_google_heart_minutes.cumulative.day...sample",
    "Data Points": [
        {"fitValue":[{"blob":{"internalGoal":{"endTimeNanos":9223372036854000000,"dataTypeName":"com.google.heart_minutes","cumulativeObjective":{"objective":{"fieldName":"intensity","value":{"fpVal":10},"operator":"GTE"}},"recurInterval":{"unit":"DAY","count":1},"startTimeNanos":1577695734212000000}}}],"originDataSourceId":"","endTimeNanos":1577695734212000000,"dataTypeName":"com.google.internal.goal","startTimeNanos":1577695734212000000,"modifiedTimeMillis":1577699342121,"rawTimestampNanos":0},
        {"fitValue":[{"blob":{"internalGoal":{"endTimeNanos":9223372036854000000,"dataTypeName":"com.google.heart_minutes","cumulativeObjective":{"objective":{"fieldName":"intensity","value":{"fpVal":10},"operator":"GTE"}},"recurInterval":{"unit":"DAY","count":1},"startTimeNanos":1597202177913000000}}}],"originDataSourceId":"","endTimeNanos":1597202177913000000,"dataTypeName":"com.google.internal.goal","startTimeNanos":1597202177913000000,"modifiedTimeMillis":1597202215297,"rawTimestampNanos":0},
        {"fitValue":[{"blob":{"internalGoal":{"endTimeNanos":9223372036854000000,"dataTypeName":"com.google.heart_minutes","cumulativeObjective":{"objective":{"fieldName":"intensity","value":{"fpVal":30},"operator":"GTE"}},"recurInterval":{"unit":"DAY","count":1},"startTimeNanos":1597202212983000000}}}],"originDataSourceId":"","endTimeNanos":1597202212983000000,"dataTypeName":"com.google.internal.goal","startTimeNanos":1597202212983000000,"modifiedTimeMillis":1597202215967,"rawTimestampNanos":0},
        {"fitValue":[{"blob":{"internalGoal":{"endTimeNanos":9223372036854000000,"dataTypeName":"com.google.heart_minutes","cumulativeObjective":{"objective":{"fieldName":"intensity","value":{"fpVal":30},"operator":"GTE"}},"recurInterval":{"unit":"DAY","count":1},"startTimeNanos":1616332030613000000}}}],"originDataSourceId":"","endTimeNanos":1616332030613000000,"dataTypeName":"com.google.internal.goal","startTimeNanos":1616332030613000000,"modifiedTimeMillis":1616332103348,"rawTimestampNanos":0},
        {"fitValue":[{"blob":{"internalGoal":{"endTimeNanos":9223372036854000000,"dataTypeName":"com.google.heart_minutes","cumulativeObjective":{"objective":{"fieldName":"intensity","value":{"fpVal":20},"operator":"GTE"}},"recurInterval":{"unit":"DAY","count":1},"startTimeNanos":1616332077414000000}}}],"originDataSourceId":"","endTimeNanos":1616332077414000000,"dataTypeName":"com.google.internal.goal","startTimeNanos":1616332077414000000,"modifiedTimeMillis":1616332103348,"rawTimestampNanos":0}
    ]
}