{
    "Data Source": "derived:com.google.weight:com.google.android.gms:merge_weight",
    "Data Points": [
        {"fitValue":[{"value":{"fpVal":60}}],"originDataSourceId":"raw:com.google.weight:com.google.android.apps.fitness:user_input","endTimeNanos":1495553216789000000,"dataTypeName":"com.google.weight","startTimeNanos":1495553216789000000,"modifiedTimeMillis":1495553768230,"rawTimestampNanos":0},
        {"fitValue":[{"value":{"fpVal":60}}],"originDataSourceId":"raw:com.google.weight:com.google.android.apps.fitness:user_input","endTimeNanos":1495553686421000000,"dataTypeName":"com.google.weight","startTimeNanos":1495553686421000000,"modifiedTimeMillis":1495553768230,"rawTimestampNanos":0},
        {"fitValue":[{"value":{"fpVal":65}}],"originDataSourceId":"raw:com.google.weight:com.google.android.apps.fitness:user_input","endTimeNanos":1577695730479000000,"dataTypeName":"com.google.weight","startTimeNanos":1577695730479000000,"modifiedTimeMillis":1577699343341,"rawTimestampNanos":0},
        {"fitValue":[{"value":{"fpVal":70}}],"originDataSourceId":"raw:com.google.weight:com.google.android.apps.fitness:user_input","endTimeNanos":1616332039195000000,"dataTypeName":"com.google.weight","startTimeNanos":1616332039195000000,"modifiedTimeMillis":1616332108823,"rawTimestampNanos":0}
    ]
}