{
    "Data Source": "derived:com.google.heart_minutes:com.google.android.fit:samsung:SM-A505F:14cdfeadff18e29e:top_level",
    "Data Points": [
        {"fitValue":[{"value":{"fpVal":1}}],"originDataSourceId":"derived:com.google.step_count.delta:com.google.android.gms:estimated_steps","endTimeNanos":1620395100000000000,"dataTypeName":"com.google.heart_minutes","startTimeNanos":1620395040000000000,"modifiedTimeMillis":1620396086374,"rawTimestampNanos":0},
        {"fitValue":[{"value":{"fpVal":1}}],"originDataSourceId":"derived:com.google.step_count.delta:com.google.android.gms:estimated_steps","endTimeNanos":1620395820000000000,"dataTypeName":"com.google.heart_minutes","startTimeNanos":1620395760000000000,"modifiedTimeMillis":1620396086374,"rawTimestampNanos":0},
        {"fitValue":[{"value":{"fpVal":1}}],"originDataSourceId":"derived:com.google.step_count.delta:com.google.android.gms:estimated_steps","endTimeNanos":1625478660000000000,"dataTypeName":"com.google.heart_minutes","startTimeNanos":1625478600000000000,"modifiedTimeMillis":1625481060917,"rawTimestampNanos":0},
        {"fitValue":[{"value":{"fpVal":1}}],"originDataSourceId":"derived:com.google.step_count.delta:com.google.android.gms:estimated_steps","endTimeNanos":1625478720000000000,"dataTypeName":"com.google.heart_minutes","startTimeNanos":1625478660000000000,"modifiedTimeMillis":1625481060917,"rawTimestampNanos":0},
        {"fitValue":[{"value":{"fpVal":1}}],"originDataSourceId":"derived:com.google.step_count.delta:com.google.android.gms:estimated_steps","endTimeNanos":1625478780000000000,"dataTypeName":"com.google.heart_minutes","startTimeNanos":1625478720000000000,"modifiedTimeMillis":1625481060917,"rawTimestampNanos":0},
        {"fitValue":[{"value":{"fpVal":1}}],"originDataSourceId":"derived:com.google.step_count.delta:com.google.android.gms:estimated_steps","endTimeNanos":1625478840000000000,"dataTypeName":"com.google.heart_minutes","startTimeNanos":1625478780000000000,"modifiedTimeMillis":1625481060917,"rawTimestampNanos":0},
        {"fitValue":[{"value":{"fpVal":1}}],"originDataSourceId":"derived:com.google.step_count.delta:com.google.android.gms:estimated_steps","endTimeNanos":1626111060000000000,"dataTypeName":"com.google.heart_minutes","startTimeNanos":1626111000000000000,"modifiedTimeMillis":1626115690077,"rawTimestampNanos":0},
        {"fitValue":[{"value":{"fpVal":1}}],"originDataSourceId":"derived:com.google.step_count.delta:com.google.android.gms:estimated_steps","endTimeNanos":1626111120000000000,"dataTypeName":"com.google.heart_minutes","startTimeNanos":1626111060000000000,"modifiedTimeMillis":1626115690077,"rawTimestampNanos":0},
        {"fitValue":[{"value":{"fpVal":1}}],"originDataSourceId":"derived:com.google.step_count.delta:com.google.android.gms:estimated_steps","endTimeNanos":1626111180000000000,"dataTypeName":"com.google.heart_minutes","startTimeNanos":1626111120000000000,"modifiedTimeMillis":1626115690077,"rawTimestampNanos":0},
        {"fitValue":[{"value":{"fpVal":1}}],"originDataSourceId":"derived:com.google.step_count.delta:com.google.android.gms:estimated_steps","endTimeNanos":1626620880000000000,"dataTypeName":"com.google.heart_minutes","startTimeNanos":1626620820000000000,"modifiedTimeMillis":1626632273169,"rawTimestampNanos":0},
        {"fitValue":[{"value":{"fpVal":1}}],"originDataSourceId":"derived:com.google.step_count.delta:com.google.android.gms:estimated_steps","endTimeNanos":1626621300000000000,"dataTypeName":"com.google.heart_minutes","startTimeNanos":1626621240000000000,"modifiedTimeMillis":1626632273169,"rawTimestampNanos":0},
        {"fitValue":[{"value":{"fpVal":1}}],"originDataSourceId":"derived:com.google.step_count.delta:com.google.android.gms:estimated_steps","endTimeNanos":1626674400000000000,"dataTypeName":"com.google.heart_minutes","startTimeNanos":1626674340000000000,"modifiedTimeMillis":1626690522769,"rawTimestampNanos":0},
        {"fitValue":[{"value":{"fpVal":1}}],"originDataSourceId":"derived:com.google.step_count.delta:com.google.android.gms:estimated_steps","endTimeNanos":1627190400000000000,"dataTypeName":"com.google.heart_minutes","startTimeNanos":1627190340000000000,"modifiedTimeMillis":1627196412570,"rawTimestampNanos":0},
        {"fitValue":[{"value":{"fpVal":1}}],"originDataSourceId":"derived:com.google.step_count.delta:com.google.android.gms:estimated_steps","endTimeNanos":1627373340000000000,"dataTypeName":"com.google.heart_minutes","startTimeNanos":1627373280000000000,"modifiedTimeMillis":1627380716775,"rawTimestampNanos":0},
        {"fitValue":[{"value":{"fpVal":1}}],"originDataSourceId":"derived:com.google.step_count.delta:com.google.android.gms:estimated_steps","endTimeNanos":1627373400000000000,"dataTypeName":"com.google.heart_minutes","startTimeNanos":1627373340000000000,"modifiedTimeMillis":1627380716775,"rawTimestampNanos":0},
        {"fitValue":[{"value":{"fpVal":1}}],"originDataSourceId":"derived:com.google.activity.samples:com.google.android.gms:samsung:SM-A505F:14cdfeadff18e29e:detailed","endTimeNanos":1627482780000000000,"dataTypeName":"com.google.heart_minutes","startTimeNanos":1627482720000000000,"modifiedTimeMillis":1627501777899,"rawTimestampNanos":0},
        {"fitValue":[{"value":{"fpVal":1}}],"originDataSourceId":"derived:com.google.activity.samples:com.google.android.gms:samsung:SM-A505F:14cdfeadff18e29e:detailed","endTimeNanos":1627482840000000000,"dataTypeName":"com.google.heart_minutes","startTimeNanos":1627482780000000000,"modifiedTimeMillis":1627501777899,"rawTimestampNanos":0},
        {"fitValue":[{"value":{"fpVal":1}}],"originDataSourceId":"derived:com.google.activity.samples:com.google.android.gms:samsung:SM-A505F:14cdfeadff18e29e:detailed","endTimeNanos":1627482900000000000,"dataTypeName":"com.google.heart_minutes","startTimeNanos":1627482840000000000,"modifiedTimeMillis":1627501777899,"rawTimestampNanos":0},
        {"fitValue":[{"value":{"fpVal":1}}],"originDataSourceId":"derived:com.google.activity.samples:com.google.android.gms:samsung:SM-A505F:14cdfeadff18e29e:detailed","endTimeNanos":1627482960000000000,"dataTypeName":"com.google.heart_minutes","startTimeNanos":1627482900000000000,"modifiedTimeMillis":1627501777899,"rawTimestampNanos":0},
        {"fitValue":[{"value":{"fpVal":1}}],"originDataSourceId":"derived:com.google.activity.samples:com.google.android.gms:samsung:SM-A505F:14cdfeadff18e29e:detailed","endTimeNanos":1627483020000000000,"dataTypeName":"com.google.heart_minutes","startTimeNanos":1627482960000000000,"modifiedTimeMillis":1627501777899,"rawTimestampNanos":0},
        {"fitValue":[{"value":{"fpVal":1}}],"originDataSourceId":"derived:com.google.activity.samples:com.google.android.gms:samsung:SM-A505F:14cdfeadff18e29e:detailed","endTimeNanos":1627483080000000000,"dataTypeName":"com.google.heart_minutes","startTimeNanos":1627483020000000000,"modifiedTimeMillis":1627501777899,"rawTimestampNanos":0},
        {"fitValue":[{"value":{"fpVal":1}}],"originDataSourceId":"derived:com.google.activity.samples:com.google.android.gms:samsung:SM-A505F:14cdfeadff18e29e:detailed","endTimeNanos":1627483140000000000,"dataTypeName":"com.google.heart_minutes","startTimeNanos":1627483080000000000,"modifiedTimeMillis":1627501777899,"rawTimestampNanos":0},
        {"fitValue":[{"value":{"fpVal":1}}],"originDataSourceId":"derived:com.google.activity.samples:com.google.android.gms:samsung:SM-A505F:14cdfeadff18e29e:detailed","endTimeNanos":1627483200000000000,"dataTypeName":"com.google.heart_minutes","startTimeNanos":1627483140000000000,"modifiedTimeMillis":1627501777899,"rawTimestampNanos":0},
        {"fitValue":[{"value":{"fpVal":1}}],"originDataSourceId":"derived:com.google.activity.samples:com.google.android.gms:samsung:SM-A505F:14cdfeadff18e29e:detailed","endTimeNanos":1627483260000000000,"dataTypeName":"com.google.heart_minutes","startTimeNanos":1627483200000000000,"modifiedTimeMillis":1627501777899,"rawTimestampNanos":0},
        {"fitValue":[{"value":{"fpVal":1}}],"originDataSourceId":"derived:com.google.activity.samples:com.google.android.gms:samsung:SM-A505F:14cdfeadff18e29e:detailed","endTimeNanos":1627483320000000000,"dataTypeName":"com.google.heart_minutes","startTimeNanos":1627483260000000000,"modifiedTimeMillis":1627501777899,"rawTimestampNanos":0},
        {"fitValue":[{"value":{"fpVal":1}}],"originDataSourceId":"derived:com.google.activity.samples:com.google.android.gms:samsung:SM-A505F:14cdfeadff18e29e:detailed","endTimeNanos":1627483380000000000,"dataTypeName":"com.google.heart_minutes","startTimeNanos":1627483320000000000,"modifiedTimeMillis":1627501777899,"rawTimestampNanos":0},
        {"fitValue":[{"value":{"fpVal":1}}],"originDataSourceId":"derived:com.google.activity.samples:com.google.android.gms:samsung:SM-A505F:14cdfeadff18e29e:detailed","endTimeNanos":1627483440000000000,"dataTypeName":"com.google.heart_minutes","startTimeNanos":1627483380000000000,"modifiedTimeMillis":1627501777899,"rawTimestampNanos":0},
        {"fitValue":[{"value":{"fpVal":1}}],"originDataSourceId":"derived:com.google.activity.samples:com.google.android.gms:samsung:SM-A505F:14cdfeadff18e29e:detailed","endTimeNanos":1627483500000000000,"dataTypeName":"com.google.heart_minutes","startTimeNanos":1627483440000000000,"modifiedTimeMillis":1627501777899,"rawTimestampNanos":0},
        {"fitValue":[{"value":{"fpVal":1}}],"originDataSourceId":"derived:com.google.activity.samples:com.google.android.gms:samsung:SM-A505F:14cdfeadff18e29e:detailed","endTimeNanos":1627483560000000000,"dataTypeName":"com.google.heart_minutes","startTimeNanos":1627483500000000000,"modifiedTimeMillis":1627501777899,"rawTimestampNanos":0},
        {"fitValue":[{"value":{"fpVal":1}}],"originDataSourceId":"derived:com.google.activity.samples:com.google.android.gms:samsung:SM-A505F:14cdfeadff18e29e:detailed","endTimeNanos":1627483620000000000,"dataTypeName":"com.google.heart_minutes","startTimeNanos":1627483560000000000,"modifiedTimeMillis":1627501777899,"rawTimestampNanos":0},
        {"fitValue":[{"value":{"fpVal":1}}],"originDataSourceId":"derived:com.google.activity.samples:com.google.android.gms:samsung:SM-A505F:14cdfeadff18e29e:detailed","endTimeNanos":1627483680000000000,"dataTypeName":"com.google.heart_minutes","startTimeNanos":1627483620000000000,"modifiedTimeMillis":1627501777899,"rawTimestampNanos":0},
        {"fitValue":[{"value":{"fpVal":1}}],"originDataSourceId":"derived:com.google.activity.samples:com.google.android.gms:samsung:SM-A505F:14cdfeadff18e29e:detailed","endTimeNanos":1627483740000000000,"dataTypeName":"com.google.heart_minutes","startTimeNanos":1627483680000000000,"modifiedTimeMillis":1627501777899,"rawTimestampNanos":0},
        {"fitValue":[{"value":{"fpVal":1}}],"originDataSourceId":"derived:com.google.activity.samples:com.google.android.gms:samsung:SM-A505F:14cdfeadff18e29e:detailed","endTimeNanos":1627483800000000000,"dataTypeName":"com.google.heart_minutes","startTimeNanos":1627483740000000000,"modifiedTimeMillis":1627501777899,"rawTimestampNanos":0},
        {"fitValue":[{"value":{"fpVal":1}}],"originDataSourceId":"derived:com.google.activity.samples:com.google.android.gms:samsung:SM-A505F:14cdfeadff18e29e:detailed","endTimeNanos":1627483860000000000,"dataTypeName":"com.google.heart_minutes","startTimeNanos":1627483800000000000,"modifiedTimeMillis":1627501777899,"rawTimestampNanos":0},
        {"fitValue":[{"value":{"fpVal":1}}],"originDataSourceId":"derived:com.google.activity.samples:com.google.android.gms:samsung:SM-A505F:14cdfeadff18e29e:detailed","endTimeNanos":1627483920000000000,"dataTypeName":"com.google.heart_minutes","startTimeNanos":1627483860000000000,"modifiedTimeMillis":1627501777899,"rawTimestampNanos":0},
        {"fitValue":[{"value":{"fpVal":1}}],"originDataSourceId":"derived:com.google.activity.samples:com.google.android.gms:samsung:SM-A505F:14cdfeadff18e29e:detailed","endTimeNanos":1627483980000000000,"dataTypeName":"com.google.heart_minutes","startTimeNanos":1627483920000000000,"modifiedTimeMillis":1627501777899,"rawTimestampNanos":0},
        {"fitValue":[{"value":{"fpVal":1}}],"originDataSourceId":"derived:com.google.activity.samples:com.google.android.gms:samsung:SM-A505F:14cdfeadff18e29e:detailed","endTimeNanos":1627484040000000000,"dataTypeName":"com.google.heart_minutes","startTimeNanos":1627483980000000000,"modifiedTimeMillis":1627501777899,"rawTimestampNanos":0},
        {"fitValue":[{"value":{"fpVal":1}}],"originDataSourceId":"derived:com.google.activity.samples:com.google.android.gms:samsung:SM-A505F:14cdfeadff18e29e:detailed","endTimeNanos":1627484100000000000,"dataTypeName":"com.google.heart_minutes","startTimeNanos":1627484040000000000,"modifiedTimeMillis":1627501777899,"rawTimestampNanos":0},
        {"fitValue":[{"value":{"fpVal":1}}],"originDataSourceId":"derived:com.google.activity.samples:com.google.android.gms:samsung:SM-A505F:14cdfeadff18e29e:detailed","endTimeNanos":1627484160000000000,"dataTypeName":"com.google.heart_minutes","startTimeNanos":1627484100000000000,"modifiedTimeMillis":1627501777899,"rawTimestampNanos":0},
        {"fitValue":[{"value":{"fpVal":1}}],"originDataSourceId":"derived:com.google.activity.samples:com.google.android.gms:samsung:SM-A505F:14cdfeadff18e29e:detailed","endTimeNanos":1627484220000000000,"dataTypeName":"com.google.heart_minutes","startTimeNanos":1627484160000000000,"modifiedTimeMillis":1627501777899,"rawTimestampNanos":0},
        {"fitValue":[{"value":{"fpVal":1}}],"originDataSourceId":"derived:com.google.step_count.delta:com.google.android.gms:estimated_steps","endTimeNanos":1627648740000000000,"dataTypeName":"com.google.heart_minutes","startTimeNanos":1627648680000000000,"modifiedTimeMillis":1627653671335,"rawTimestampNanos":0},
        {"fitValue":[{"value":{"fpVal":1}}],"originDataSourceId":"derived:com.google.step_count.delta:com.google.android.gms:estimated_steps","endTimeNanos":1627648800000000000,"dataTypeName":"com.google.heart_minutes","startTimeNanos":1627648740000000000,"modifiedTimeMillis":1627653671335,"rawTimestampNanos":0},
        {"fitValue":[{"value":{"fpVal":1}}],"originDataSourceId":"derived:com.google.step_count.delta:com.google.android.gms:estimated_steps","endTimeNanos":1627649640000000000,"dataTypeName":"com.google.heart_minutes","startTimeNanos":1627649580000000000,"modifiedTimeMillis":1627653671335,"rawTimestampNanos":0},
        {"fitValue":[{"value":{"fpVal":1}}],"originDataSourceId":"derived:com.google.step_count.delta:com.google.android.gms:estimated_steps","endTimeNanos":1627649700000000000,"dataTypeName":"com.google.heart_minutes","startTimeNanos":1627649640000000000,"modifiedTimeMillis":1627653671335,"rawTimestampNanos":0},
        {"fitValue":[{"value":{"fpVal":1}}],"originDataSourceId":"derived:com.google.step_count.delta:com.google.android.gms:estimated_steps","endTimeNanos":1627649820000000000,"dataTypeName":"com.google.heart_minutes","startTimeNanos":1627649760000000000,"modifiedTimeMillis":1627653671335,"rawTimestampNanos":0},
        {"fitValue":[{"value":{"fpVal":1}}],"originDataSourceId":"derived:com.google.step_count.delta:com.google.android.gms:estimated_steps","endTimeNanos":1627649880000000000,"dataTypeName":"com.google.heart_minutes","startTimeNanos":1627649820000000000,"modifiedTimeMillis":1627653671335,"rawTimestampNanos":0},
        {"fitValue":[{"value":{"fpVal":1}}],"originDataSourceId":"derived:com.google.step_count.delta:com.google.android.gms:estimated_steps","endTimeNanos":1627649940000000000,"dataTypeName":"com.google.heart_minutes","startTimeNanos":1627649880000000000,"modifiedTimeMillis":1627653671335,"rawTimestampNanos":0},
        {"fitValue":[{"value":{"fpVal":1}}],"originDataSourceId":"derived:com.google.step_count.delta:com.google.android.gms:estimated_steps","endTimeNanos":1627650000000000000,"dataTypeName":"com.google.heart_minutes","startTimeNanos":1627649940000000000,"modifiedTimeMillis":1627653671335,"rawTimestampNanos":0},
        {"fitValue":[{"value":{"fpVal":1}}],"originDataSourceId":"derived:com.google.step_count.delta:com.google.android.gms:estimated_steps","endTimeNanos":1627650780000000000,"dataTypeName":"com.google.heart_minutes","startTimeNanos":1627650720000000000,"modifiedTimeMillis":1627653671335,"rawTimestampNanos":0},
        {"fitValue":[{"value":{"fpVal":1}}],"originDataSourceId":"derived:com.google.step_count.delta:com.google.android.gms:estimated_steps","endTimeNanos":1627650840000000000,"dataTypeName":"com.google.heart_minutes","startTimeNanos":1627650780000000000,"modifiedTimeMillis":1627653671335,"rawTimestampNanos":0},
        {"fitValue":[{"value":{"fpVal":1}}],"originDataSourceId":"derived:com.google.step_count.delta:com.google.android.gms:estimated_steps","endTimeNanos":1627650900000000000,"dataTypeName":"com.google.heart_minutes","startTimeNanos":1627650840000000000,"modifiedTimeMillis":1627653671335,"rawTimestampNanos":0},
        {"fitValue":[{"value":{"fpVal":1}}],"originDataSourceId":"derived:com.google.step_count.delta:com.google.android.gms:estimated_steps","endTimeNanos":1627650960000000000,"dataTypeName":"com.google.heart_minutes","startTimeNanos":1627650900000000000,"modifiedTimeMillis":1627653671335,"rawTimestampNanos":0},
        {"fitValue":[{"value":{"fpVal":1}}],"originDataSourceId":"derived:com.google.step_count.delta:com.google.android.gms:estimated_steps","endTimeNanos":1627651080000000000,"dataTypeName":"com.google.heart_minutes","startTimeNanos":1627651020000000000,"modifiedTimeMillis":1627653671335,"rawTimestampNanos":0},
        {"fitValue":[{"value":{"fpVal":1}}],"originDataSourceId":"derived:com.google.step_count.delta:com.google.android.gms:estimated_steps","endTimeNanos":1627651140000000000,"dataTypeName":"com.google.heart_minutes","startTimeNanos":1627651080000000000,"modifiedTimeMillis":1627653671335,"rawTimestampNanos":0},
        {"fitValue":[{"value":{"fpVal":1}}],"originDataSourceId":"derived:com.google.step_count.delta:com.google.android.gms:estimated_steps","endTimeNanos":1627651200000000000,"dataTypeName":"com.google.heart_minutes","startTimeNanos":1627651140000000000,"modifiedTimeMillis":1627653671335,"rawTimestampNanos":0},
        {"fitValue":[{"value":{"fpVal":1}}],"originDataSourceId":"derived:com.google.step_count.delta:com.google.android.gms:estimated_steps","endTimeNanos":1627833300000000000,"dataTypeName":"com.google.heart_minutes","startTimeNanos":1627833240000000000,"modifiedTimeMillis":1627840684557,"rawTimestampNanos":0}
    ]
}