{
    "Data Source": "derived:com.google.internal.goal:com.google.android.apps.fitness:com_google_step_count_delta.cumulative.day",
    "Data Points": [
        {"fitValue":[{"blob":{"internalGoal":{"endTimeNanos":1495553186213000000,"dataTypeName":"com.google.step_count.delta","cumulativeObjective":{"objective":{"fieldName":"steps","value":{"intVal":10000},"operator":"GTE"}},"recurInterval":{"unit":"DAY"},"startTimeNanos":1495549404212000000}}}],"originDataSourceId":"","endTimeNanos":1495553186213000000,"dataTypeName":"com.google.internal.goal","startTimeNanos":1495549404212000000,"modifiedTimeMillis":1495553186257,"rawTimestampNanos":0}
    ]
}