{
    "Data Source": "derived:com.google.internal.goal:com.google.android.apps.fitness:com_google_step_count_delta.cumulative.day...sample",
    "Data Points": [
        {"fitValue":[{"blob":{"internalGoal":{"endTimeNanos":9223372036854000000,"dataTypeName":"com.google.step_count.delta","cumulativeObjective":{"objective":{"fieldName":"steps","value":{"intVal":10000},"operator":"GTE"}},"recurInterval":{"unit":"DAY"},"startTimeNanos":1495549404212000000}}}],"originDataSourceId":"","endTimeNanos":1495549404212000000,"dataTypeName":"com.google.internal.goal","startTimeNanos":1495549404212000000,"modifiedTimeMillis":1495553004478,"rawTimestampNanos":0},
        {"fitValue":[{"blob":{"internalGoal":{}}}],"originDataSourceId":"","endTimeNanos":1495553186213000000,"dataTypeName":"com.google.internal.goal","startTimeNanos":1495553186213000000,"modifiedTimeMillis":1495553186224,"rawTimestampNanos":0},
        {"fitValue":[{"blob":{"internalGoal":{"endTimeNanos":9223372036854000000,"dataTypeName":"com.google.step_count.delta","cumulativeObjective":{"objective":{"fieldName":"steps","value":{"intVal":7500},"operator":"GTE"}},"recurInterval":{"unit":"DAY","count":1},"startTimeNanos":1597163594614000000}}}],"originDataSourceId":"","endTimeNanos":1597163594614000000,"dataTypeName":"com.google.internal.goal","startTimeNanos":1597163594614000000,"modifiedTimeMillis":1597202208350,"rawTimestampNanos":0},
        {"fitValue":[{"blob":{"internalGoal":{"endTimeNanos":9223372036854000000,"dataTypeName":"com.google.step_count.delta","cumulativeObjective":{"objective":{"fieldName":"steps","value":{"intVal":7500},"operator":"GTE"}},"recurInterval":{"unit":"DAY","count":1},"startTimeNanos":1597202212984000000}}}],"originDataSourceId":"","endTimeNanos":1597202212984000000,"dataTypeName":"com.google.internal.goal","startTimeNanos":1597202212984000000,"modifiedTimeMillis":1597202215967,"rawTimestampNanos":0},
        {"fitValue":[{"blob":{"internalGoal":{"endTimeNanos":9223372036854000000,"dataTypeName":"com.google.step_count.delta","cumulativeObjective":{"objective":{"fieldName":"steps","value":{"intVal":7500},"operator":"GTE"}},"recurInterval":{"unit":"DAY","count":1},"startTimeNanos":1616332030615000000}}}],"originDataSourceId":"","endTimeNanos":1616332030615000000,"dataTypeName":"com.google.internal.goal","startTimeNanos":1616332030615000000,"modifiedTimeMillis":1616332103348,"rawTimestampNanos":0},
        {"fitValue":[{"blob":{"internalGoal":{"endTimeNanos":9223372036854000000,"dataTypeName":"com.google.step_count.delta","cumulativeObjective":{"objective":{"fieldName":"steps","value":{"intVal":5000},"operator":"GTE"}},"recurInterval":{"unit":"DAY","count":1},"startTimeNanos":1616332077418000000}}}],"originDataSourceId":"","endTimeNanos":1616332077418000000,"dataTypeName":"com.google.internal.goal","startTimeNanos":1616332077418000000,"modifiedTimeMillis":1616332103348,"rawTimestampNanos":0}
    ]
}