{
    "Data Source": "derived:com.google.calories.bmr:com.google.android.gms:merged",
    "Data Points": [
        {"fitValue":[{"value":{"fpVal":1397}}],"originDataSourceId":"derived:com.google.calories.bmr:com.google.android.gms:from_height&weight","endTimeNanos":1495553214434000000,"dataTypeName":"com.google.calories.bmr","startTimeNanos":1495553214434000000,"modifiedTimeMillis":1495553770406,"rawTimestampNanos":0},
        {"fitValue":[{"value":{"fpVal":1397}}],"originDataSourceId":"derived:com.google.calories.bmr:com.google.android.gms:from_height&weight","endTimeNanos":1495553216789000000,"dataTypeName":"com.google.calories.bmr","startTimeNanos":1495553216789000000,"modifiedTimeMillis":1495553770406,"rawTimestampNanos":0},
        {"fitValue":[{"value":{"fpVal":1397}}],"originDataSourceId":"derived:com.google.calories.bmr:com.google.android.gms:from_height&weight","endTimeNanos":1495553686421000000,"dataTypeName":"com.google.calories.bmr","startTimeNanos":1495553686421000000,"modifiedTimeMillis":1495553770406,"rawTimestampNanos":0},
        {"fitValue":[{"value":{"fpVal":1447}}],"originDataSourceId":"derived:com.google.calories.bmr:com.google.android.gms:from_height&weight","endTimeNanos":1577695729922000000,"dataTypeName":"com.google.calories.bmr","startTimeNanos":1577695729922000000,"modifiedTimeMillis":1577699345416,"rawTimestampNanos":0},
        {"fitValue":[{"value":{"fpVal":1497}}],"originDataSourceId":"derived:com.google.calories.bmr:com.google.android.gms:from_height&weight","endTimeNanos":1577695730479000000,"dataTypeName":"com.google.calories.bmr","startTimeNanos":1577695730479000000,"modifiedTimeMillis":1577699345648,"rawTimestampNanos":0},
        {"fitValue":[{"value":{"fpVal":1547}}],"originDataSourceId":"derived:com.google.calories.bmr:com.google.android.gms:from_height&weight","endTimeNanos":1616332039195000000,"dataTypeName":"com.google.calories.bmr","startTimeNanos":1616332039195000000,"modifiedTimeMillis":1616332108854,"rawTimestampNanos":0}
    ]
}