{
    "Data Source": "derived:com.google.heart_rate.bpm:com.google.android.apps.fitness:breathe_heart_rate",
    "Data Points": [
        {"fitValue":[{"value":{"fpVal":75.37688446044922}}],"originDataSourceId":"","endTimeNanos":1597209047186000000,"dataTypeName":"com.google.heart_rate.bpm","startTimeNanos":1597209047186000000,"modifiedTimeMillis":1597209541973,"rawTimestampNanos":0},
        {"fitValue":[{"value":{"fpVal":76.8245849609375}}],"originDataSourceId":"","endTimeNanos":1597209047967000000,"dataTypeName":"com.google.heart_rate.bpm","startTimeNanos":1597209047967000000,"modifiedTimeMillis":1597209541973,"rawTimestampNanos":0},
        {"fitValue":[{"value":{"fpVal":76.23888397216797}}],"originDataSourceId":"","endTimeNanos":1597209048754000000,"dataTypeName":"com.google.heart_rate.bpm","startTimeNanos":1597209048754000000,"modifiedTimeMillis":1597209541973,"rawTimestampNanos":0},
        {"fitValue":[{"value":{"fpVal":82.079345703125}}],"originDataSourceId":"","endTimeNanos":1597209054272000000,"dataTypeName":"com.google.heart_rate.bpm","startTimeNanos":1597209054272000000,"modifiedTimeMillis":1597209541973,"rawTimestampNanos":0},
        {"fitValue":[{"value":{"fpVal":98.03921508789062}}],"originDataSourceId":"","endTimeNanos":1597209063491000000,"dataTypeName":"com.google.heart_rate.bpm","startTimeNanos":1597209063491000000,"modifiedTimeMillis":1597209541973,"rawTimestampNanos":0},
        {"fitValue":[{"value":{"fpVal":72.02880859375}}],"originDataSourceId":"","endTimeNanos":1597209067472000000,"dataTypeName":"com.google.heart_rate.bpm","startTimeNanos":1597209067472000000,"modifiedTimeMillis":1597209541973,"rawTimestampNanos":0},
        {"fitValue":[{"value":{"fpVal":74.71980285644531}}],"originDataSourceId":"","endTimeNanos":1597209068275000000,"dataTypeName":"com.google.heart_rate.bpm","startTimeNanos":1597209068275000000,"modifiedTimeMillis":1597209541973,"rawTimestampNanos":0},
        {"fitValue":[{"value":{"fpVal":90.77156066894531}}],"originDataSourceId":"","endTimeNanos":1597209068936000000,"dataTypeName":"com.google.heart_rate.bpm","startTimeNanos":1597209068936000000,"modifiedTimeMillis":1597209541973,"rawTimestampNanos":0},
        {"fitValue":[{"value":{"fpVal":91.6030502319336}}],"originDataSourceId":"","endTimeNanos":1597209069591000000,"dataTypeName":"com.google.heart_rate.bpm","startTimeNanos":1597209069591000000,"modifiedTimeMillis":1597209541973,"rawTimestampNanos":0},
        {"fitValue":[{"value":{"fpVal":96.61835479736328}}],"originDataSourceId":"","endTimeNanos":1597209070212000000,"dataTypeName":"com.google.heart_rate.bpm","startTimeNanos":1597209070212000000,"modifiedTimeMillis":1597209541973,"rawTimestampNanos":0},
        {"fitValue":[{"value":{"fpVal":100.16694641113281}}],"originDataSourceId":"","endTimeNanos":1597209070811000000,"dataTypeName":"com.google.heart_rate.bpm","startTimeNanos":1597209070811000000,"modifiedTimeMillis":1597209541973,"rawTimestampNanos":0},
        {"fitValue":[{"value":{"fpVal":105.2631607055664}}],"originDataSourceId":"","endTimeNanos":1597209071381000000,"dataTypeName":"com.google.heart_rate.bpm","startTimeNanos":1597209071381000000,"modifiedTimeMillis":1597209541973,"rawTimestampNanos":0},
        {"fitValue":[{"value":{"fpVal":55.970149993896484}}],"originDataSourceId":"","endTimeNanos":1597209074188000000,"dataTypeName":"com.google.heart_rate.bpm","startTimeNanos":1597209074188000000,"modifiedTimeMillis":1597209541973,"rawTimestampNanos":0},
        {"fitValue":[{"value":{"fpVal":65.71741485595703}}],"originDataSourceId":"","endTimeNanos":1597209075101000000,"dataTypeName":"com.google.heart_rate.bpm","startTimeNanos":1597209075101000000,"modifiedTimeMillis":1597209541973,"rawTimestampNanos":0},
        {"fitValue":[{"value":{"fpVal":73.3496322631836}}],"originDataSourceId":"","endTimeNanos":1597209075919000000,"dataTypeName":"com.google.heart_rate.bpm","startTimeNanos":1597209075919000000,"modifiedTimeMillis":1597209541973,"rawTimestampNanos":0},
        {"fitValue":[{"value":{"fpVal":82.19178009033203}}],"originDataSourceId":"","endTimeNanos":1597209076649000000,"dataTypeName":"com.google.heart_rate.bpm","startTimeNanos":1597209076649000000,"modifiedTimeMillis":1597209541973,"rawTimestampNanos":0},
        {"fitValue":[{"value":{"fpVal":91.32420349121094}}],"originDataSourceId":"","endTimeNanos":1597209077306000000,"dataTypeName":"com.google.heart_rate.bpm","startTimeNanos":1597209077306000000,"modifiedTimeMillis":1597209541973,"rawTimestampNanos":0},
        {"fitValue":[{"value":{"fpVal":94.3396224975586}}],"originDataSourceId":"","endTimeNanos":1597209077942000000,"dataTypeName":"com.google.heart_rate.bpm","startTimeNanos":1597209077942000000,"modifiedTimeMillis":1597209541973,"rawTimestampNanos":0},
        {"fitValue":[{"value":{"fpVal":94.63722229003906}}],"originDataSourceId":"","endTimeNanos":1597209078576000000,"dataTypeName":"com.google.heart_rate.bpm","startTimeNanos":1597209078576000000,"modifiedTimeMillis":1597209541973,"rawTimestampNanos":0},
        {"fitValue":[{"value":{"fpVal":94.3396224975586}}],"originDataSourceId":"","endTimeNanos":1597209079212000000,"dataTypeName":"com.google.heart_rate.bpm","startTimeNanos":1597209079212000000,"modifiedTimeMillis":1597209541973,"rawTimestampNanos":0},
        {"fitValue":[{"value":{"fpVal":90.49773406982422}}],"originDataSourceId":"","endTimeNanos":1597209079875000000,"dataTypeName":"com.google.heart_rate.bpm","startTimeNanos":1597209079875000000,"modifiedTimeMillis":1597209541973,"rawTimestampNanos":0},
        {"fitValue":[{"value":{"fpVal":81.1907958984375}}],"originDataSourceId":"","endTimeNanos":1597209080614000000,"dataTypeName":"com.google.heart_rate.bpm","startTimeNanos":1597209080614000000,"modifiedTimeMillis":1597209541973,"rawTimestampNanos":0},
        {"fitValue":[{"value":{"fpVal":77.61966705322266}}],"originDataSourceId":"","endTimeNanos":1597209081387000000,"dataTypeName":"com.google.heart_rate.bpm","startTimeNanos":1597209081387000000,"modifiedTimeMillis":1597209541973,"rawTimestampNanos":0},
        {"fitValue":[{"value":{"fpVal":82.75862121582031}}],"originDataSourceId":"","endTimeNanos":1597209083632000000,"dataTypeName":"com.google.heart_rate.bpm","startTimeNanos":1597209083632000000,"modifiedTimeMillis":1597209541973,"rawTimestampNanos":0},
        {"fitValue":[{"value":{"fpVal":85.71428680419922}}],"originDataSourceId":"","endTimeNanos":1597209084332000000,"dataTypeName":"com.google.heart_rate.bpm","startTimeNanos":1597209084332000000,"modifiedTimeMillis":1597209541973,"rawTimestampNanos":0},
        {"fitValue":[{"value":{"fpVal":87.46355438232422}}],"originDataSourceId":"","endTimeNanos":1597209085018000000,"dataTypeName":"com.google.heart_rate.bpm","startTimeNanos":1597209085018000000,"modifiedTimeMillis":1597209541973,"rawTimestampNanos":0},
        {"fitValue":[{"value":{"fpVal":83.91608428955078}}],"originDataSourceId":"","endTimeNanos":1597209085733000000,"dataTypeName":"com.google.heart_rate.bpm","startTimeNanos":1597209085733000000,"modifiedTimeMillis":1597209541973,"rawTimestampNanos":0},
        {"fitValue":[{"value":{"fpVal":94.48818969726562}}],"originDataSourceId":"","endTimeNanos":1597209086368000000,"dataTypeName":"com.google.heart_rate.bpm","startTimeNanos":1597209086368000000,"modifiedTimeMillis":1597209541973,"rawTimestampNanos":0},
        {"fitValue":[{"value":{"fpVal":98.84678649902344}}],"originDataSourceId":"","endTimeNanos":1597209086975000000,"dataTypeName":"com.google.heart_rate.bpm","startTimeNanos":1597209086975000000,"modifiedTimeMillis":1597209541973,"rawTimestampNanos":0},
        {"fitValue":[{"value":{"fpVal":99.66777038574219}}],"originDataSourceId":"","endTimeNanos":1597209087577000000,"dataTypeName":"com.google.heart_rate.bpm","startTimeNanos":1597209087577000000,"modifiedTimeMillis":1597209541973,"rawTimestampNanos":0},
        {"fitValue":[{"value":{"fpVal":88.49557495117188}}],"originDataSourceId":"","endTimeNanos":1597209088255000000,"dataTypeName":"com.google.heart_rate.bpm","startTimeNanos":1597209088255000000,"modifiedTimeMillis":1597209541973,"rawTimestampNanos":0},
        {"fitValue":[{"value":{"fpVal":91.74311828613281}}],"originDataSourceId":"","endTimeNanos":1597209093474000000,"dataTypeName":"com.google.heart_rate.bpm","startTimeNanos":1597209093474000000,"modifiedTimeMillis":1597209541973,"rawTimestampNanos":0},
        {"fitValue":[{"value":{"fpVal":95.69377899169922}}],"originDataSourceId":"","endTimeNanos":1597209094101000000,"dataTypeName":"com.google.heart_rate.bpm","startTimeNanos":1597209094101000000,"modifiedTimeMillis":1597209541973,"rawTimestampNanos":0},
        {"fitValue":[{"value":{"fpVal":101.01010131835938}}],"originDataSourceId":"","endTimeNanos":1597209094695000000,"dataTypeName":"com.google.heart_rate.bpm","startTimeNanos":1597209094695000000,"modifiedTimeMillis":1597209541973,"rawTimestampNanos":0},
        {"fitValue":[{"value":{"fpVal":103.27022552490234}}],"originDataSourceId":"","endTimeNanos":1597209095276000000,"dataTypeName":"com.google.heart_rate.bpm","startTimeNanos":1597209095276000000,"modifiedTimeMillis":1597209541973,"rawTimestampNanos":0},
        {"fitValue":[{"value":{"fpVal":101.35134887695312}}],"originDataSourceId":"","endTimeNanos":1597209095868000000,"dataTypeName":"com.google.heart_rate.bpm","startTimeNanos":1597209095868000000,"modifiedTimeMillis":1597209541973,"rawTimestampNanos":0},
        {"fitValue":[{"value":{"fpVal":77.92208099365234}}],"originDataSourceId":"","endTimeNanos":1597209099533000000,"dataTypeName":"com.google.heart_rate.bpm","startTimeNanos":1597209099533000000,"modifiedTimeMillis":1597209541973,"rawTimestampNanos":0},
        {"fitValue":[{"value":{"fpVal":89.15304565429688}}],"originDataSourceId":"","endTimeNanos":1597209100206000000,"dataTypeName":"com.google.heart_rate.bpm","startTimeNanos":1597209100206000000,"modifiedTimeMillis":1597209541973,"rawTimestampNanos":0},
        {"fitValue":[{"value":{"fpVal":90.49773406982422}}],"originDataSourceId":"","endTimeNanos":1597209100869000000,"dataTypeName":"com.google.heart_rate.bpm","startTimeNanos":1597209100869000000,"modifiedTimeMillis":1597209541973,"rawTimestampNanos":0},
        {"fitValue":[{"value":{"fpVal":106.57193756103516}}],"originDataSourceId":"","endTimeNanos":1597209103285000000,"dataTypeName":"com.google.heart_rate.bpm","startTimeNanos":1597209103285000000,"modifiedTimeMillis":1597209541973,"rawTimestampNanos":0},
        {"fitValue":[{"value":{"fpVal":104.34782409667969}}],"originDataSourceId":"","endTimeNanos":1597209103860000000,"dataTypeName":"com.google.heart_rate.bpm","startTimeNanos":1597209103860000000,"modifiedTimeMillis":1597209541973,"rawTimestampNanos":0},
        {"fitValue":[{"value":{"fpVal":105.07881164550781}}],"originDataSourceId":"","endTimeNanos":1597209104431000000,"dataTypeName":"com.google.heart_rate.bpm","startTimeNanos":1597209104431000000,"modifiedTimeMillis":1597209541973,"rawTimestampNanos":0},
        {"fitValue":[{"value":{"fpVal":94.19152069091797}}],"originDataSourceId":"","endTimeNanos":1597209105068000000,"dataTypeName":"com.google.heart_rate.bpm","startTimeNanos":1597209105068000000,"modifiedTimeMillis":1597209541973,"rawTimestampNanos":0},
        {"fitValue":[{"value":{"fpVal":83.2177505493164}}],"originDataSourceId":"","endTimeNanos":1597209108617000000,"dataTypeName":"com.google.heart_rate.bpm","startTimeNanos":1597209108617000000,"modifiedTimeMillis":1597209541973,"rawTimestampNanos":0},
        {"fitValue":[{"value":{"fpVal":90.49773406982422}}],"originDataSourceId":"","endTimeNanos":1597209109280000000,"dataTypeName":"com.google.heart_rate.bpm","startTimeNanos":1597209109280000000,"modifiedTimeMillis":1597209541973,"rawTimestampNanos":0},
        {"fitValue":[{"value":{"fpVal":93.1677017211914}}],"originDataSourceId":"","endTimeNanos":1597209109924000000,"dataTypeName":"com.google.heart_rate.bpm","startTimeNanos":1597209109924000000,"modifiedTimeMillis":1597209541973,"rawTimestampNanos":0},
        {"fitValue":[{"value":{"fpVal":96.30818939208984}}],"originDataSourceId":"","endTimeNanos":1597209110547000000,"dataTypeName":"com.google.heart_rate.bpm","startTimeNanos":1597209110547000000,"modifiedTimeMillis":1597209541973,"rawTimestampNanos":0},
        {"fitValue":[{"value":{"fpVal":102.7397232055664}}],"originDataSourceId":"","endTimeNanos":1597209111131000000,"dataTypeName":"com.google.heart_rate.bpm","startTimeNanos":1597209111131000000,"modifiedTimeMillis":1597209541973,"rawTimestampNanos":0},
        {"fitValue":[{"value":{"fpVal":79.15567016601562}}],"originDataSourceId":"","endTimeNanos":1597209113660000000,"dataTypeName":"com.google.heart_rate.bpm","startTimeNanos":1597209113660000000,"modifiedTimeMillis":1597209541973,"rawTimestampNanos":0},
        {"fitValue":[{"value":{"fpVal":71.85628509521484}}],"originDataSourceId":"","endTimeNanos":1597209114495000000,"dataTypeName":"com.google.heart_rate.bpm","startTimeNanos":1597209114495000000,"modifiedTimeMillis":1597209541973,"rawTimestampNanos":0},
        {"fitValue":[{"value":{"fpVal":75.5667495727539}}],"originDataSourceId":"","endTimeNanos":1597209115289000000,"dataTypeName":"com.google.heart_rate.bpm","startTimeNanos":1597209115289000000,"modifiedTimeMillis":1597209541973,"rawTimestampNanos":0},
        {"fitValue":[{"value":{"fpVal":87.08272552490234}}],"originDataSourceId":"","endTimeNanos":1597209115978000000,"dataTypeName":"com.google.heart_rate.bpm","startTimeNanos":1597209115978000000,"modifiedTimeMillis":1597209541973,"rawTimestampNanos":0},
        {"fitValue":[{"value":{"fpVal":92.16590118408203}}],"originDataSourceId":"","endTimeNanos":1597209116629000000,"dataTypeName":"com.google.heart_rate.bpm","startTimeNanos":1597209116629000000,"modifiedTimeMillis":1597209541973,"rawTimestampNanos":0},
        {"fitValue":[{"value":{"fpVal":95.84664916992188}}],"originDataSourceId":"","endTimeNanos":1597209117255000000,"dataTypeName":"com.google.heart_rate.bpm","startTimeNanos":1597209117255000000,"modifiedTimeMillis":1597209541973,"rawTimestampNanos":0},
        {"fitValue":[{"value":{"fpVal":98.03921508789062}}],"originDataSourceId":"","endTimeNanos":1597209117867000000,"dataTypeName":"com.google.heart_rate.bpm","startTimeNanos":1597209117867000000,"modifiedTimeMillis":1597209541973,"rawTimestampNanos":0},
        {"fitValue":[{"value":{"fpVal":100.671142578125}}],"originDataSourceId":"","endTimeNanos":1597209118463000000,"dataTypeName":"com.google.heart_rate.bpm","startTimeNanos":1597209118463000000,"modifiedTimeMillis":1597209541973,"rawTimestampNanos":0},
        {"fitValue":[{"value":{"fpVal":104.89510345458984}}],"originDataSourceId":"","endTimeNanos":1597209119035000000,"dataTypeName":"com.google.heart_rate.bpm","startTimeNanos":1597209119035000000,"modifiedTimeMillis":1597209541973,"rawTimestampNanos":0},
        {"fitValue":[{"value":{"fpVal":103.62694549560547}}],"originDataSourceId":"","endTimeNanos":1597209119614000000,"dataTypeName":"com.google.heart_rate.bpm","startTimeNanos":1597209119614000000,"modifiedTimeMillis":1597209541973,"rawTimestampNanos":0},
        {"fitValue":[{"value":{"fpVal":88.88888549804688}}],"originDataSourceId":"","endTimeNanos":1597209120289000000,"dataTypeName":"com.google.heart_rate.bpm","startTimeNanos":1597209120289000000,"modifiedTimeMillis":1597209541973,"rawTimestampNanos":0},
        {"fitValue":[{"value":{"fpVal":80}}],"originDataSourceId":"","endTimeNanos":1597209123590000000,"dataTypeName":"com.google.heart_rate.bpm","startTimeNanos":1597209123590000000,"modifiedTimeMillis":1597209541973,"rawTimestampNanos":0},
        {"fitValue":[{"value":{"fpVal":89.95502471923828}}],"originDataSourceId":"","endTimeNanos":1597209124257000000,"dataTypeName":"com.google.heart_rate.bpm","startTimeNanos":1597209124257000000,"modifiedTimeMillis":1597209541973,"rawTimestampNanos":0},
        {"fitValue":[{"value":{"fpVal":94.78672790527344}}],"originDataSourceId":"","endTimeNanos":1597209124890000000,"dataTypeName":"com.google.heart_rate.bpm","startTimeNanos":1597209124890000000,"modifiedTimeMillis":1597209541973,"rawTimestampNanos":0},
        {"fitValue":[{"value":{"fpVal":102.91595458984375}}],"originDataSourceId":"","endTimeNanos":1597209125473000000,"dataTypeName":"com.google.heart_rate.bpm","startTimeNanos":1597209125473000000,"modifiedTimeMillis":1597209541973,"rawTimestampNanos":0},
        {"fitValue":[{"value":{"fpVal":100.84033966064453}}],"originDataSourceId":"","endTimeNanos":1597209126068000000,"dataTypeName":"com.google.heart_rate.bpm","startTimeNanos":1597209126068000000,"modifiedTimeMillis":1597209541973,"rawTimestampNanos":0},
        {"fitValue":[{"value":{"fpVal":101.18043518066406}}],"originDataSourceId":"","endTimeNanos":1597209126661000000,"dataTypeName":"com.google.heart_rate.bpm","startTimeNanos":1597209126661000000,"modifiedTimeMillis":1597209541973,"rawTimestampNanos":0},
        {"fitValue":[{"value":{"fpVal":104.34782409667969}}],"originDataSourceId":"","endTimeNanos":1597209127236000000,"dataTypeName":"com.google.heart_rate.bpm","startTimeNanos":1597209127236000000,"modifiedTimeMillis":1597209541973,"rawTimestampNanos":0},
        {"fitValue":[{"value":{"fpVal":105.2631607055664}}],"originDataSourceId":"","endTimeNanos":1597209127806000000,"dataTypeName":"com.google.heart_rate.bpm","startTimeNanos":1597209127806000000,"modifiedTimeMillis":1597209541973,"rawTimestampNanos":0},
        {"fitValue":[{"value":{"fpVal":102.38907623291016}}],"originDataSourceId":"","endTimeNanos":1597209128392000000,"dataTypeName":"com.google.heart_rate.bpm","startTimeNanos":1597209128392000000,"modifiedTimeMillis":1597209541973,"rawTimestampNanos":0},
        {"fitValue":[{"value":{"fpVal":77.31958770751953}}],"originDataSourceId":"","endTimeNanos":1597209133431000000,"dataTypeName":"com.google.heart_rate.bpm","startTimeNanos":1597209133431000000,"modifiedTimeMillis":1597209541973,"rawTimestampNanos":0},
        {"fitValue":[{"value":{"fpVal":88.10572814941406}}],"originDataSourceId":"","endTimeNanos":1597209134112000000,"dataTypeName":"com.google.heart_rate.bpm","startTimeNanos":1597209134112000000,"modifiedTimeMillis":1597209541973,"rawTimestampNanos":0},
        {"fitValue":[{"value":{"fpVal":94.78672790527344}}],"originDataSourceId":"","endTimeNanos":1597209134745000000,"dataTypeName":"com.google.heart_rate.bpm","startTimeNanos":1597209134745000000,"modifiedTimeMillis":1597209541973,"rawTimestampNanos":0},
        {"fitValue":[{"value":{"fpVal":100}}],"originDataSourceId":"","endTimeNanos":1597209135345000000,"dataTypeName":"com.google.heart_rate.bpm","startTimeNanos":1597209135345000000,"modifiedTimeMillis":1597209541973,"rawTimestampNanos":0},
        {"fitValue":[{"value":{"fpVal":100.84033966064453}}],"originDataSourceId":"","endTimeNanos":1597209135940000000,"dataTypeName":"com.google.heart_rate.bpm","startTimeNanos":1597209135940000000,"modifiedTimeMillis":1597209541973,"rawTimestampNanos":0},
        {"fitValue":[{"value":{"fpVal":96.46302032470703}}],"originDataSourceId":"","endTimeNanos":1597209136562000000,"dataTypeName":"com.google.heart_rate.bpm","startTimeNanos":1597209136562000000,"modifiedTimeMillis":1597209541973,"rawTimestampNanos":0}
    ]
}