{
    "Data Source": "derived:com.google.activity.segment:com.google.android.gms:Compal:Fossil Sport:fd6b573b4a1f9906:activity_from_steps",
    "Data Points": [
        {"fitValue":[{"value":{"intVal":7}}],"originDataSourceId":"raw:com.google.step_count.cumulative:Compal:Fossil Sport:fd6b573b4a1f9906:pedometer_wrist  Non-wakeup","endTimeNanos":1577788593299007483,"dataTypeName":"com.google.activity.segment","startTimeNanos":1577788530711507483,"modifiedTimeMillis":1578749795863,"rawTimestampNanos":0},
        {"fitValue":[{"value":{"intVal":7}}],"originDataSourceId":"raw:com.google.step_count.cumulative:Compal:Fossil Sport:fd6b573b4a1f9906:pedometer_wrist  Non-wakeup","endTimeNanos":1577789083114049670,"dataTypeName":"com.google.activity.segment","startTimeNanos":1577788973064049670,"modifiedTimeMillis":1578749795863,"rawTimestampNanos":0},
        {"fitValue":[{"value":{"intVal":7}}],"originDataSourceId":"raw:com.google.step_count.cumulative:Compal:Fossil Sport:fd6b573b4a1f9906:pedometer_wrist  Non-wakeup","endTimeNanos":1577791320221117274,"dataTypeName":"com.google.activity.segment","startTimeNanos":1577791218921117274,"modifiedTimeMillis":1578749795863,"rawTimestampNanos":0},
        {"fitValue":[{"value":{"intVal":7}}],"originDataSourceId":"raw:com.google.step_count.cumulative:Compal:Fossil Sport:fd6b573b4a1f9906:pedometer_wrist  Non-wakeup","endTimeNanos":1577804173617296962,"dataTypeName":"com.google.activity.segment","startTimeNanos":1577804036529796962,"modifiedTimeMillis":1578749795863,"rawTimestampNanos":0},
        {"fitValue":[{"value":{"intVal":7}}],"originDataSourceId":"raw:com.google.step_count.cumulative:Compal:Fossil Sport:fd6b573b4a1f9906:pedometer_wrist  Non-wakeup","endTimeNanos":1577988733544818733,"dataTypeName":"com.google.activity.segment","startTimeNanos":1577988660094818733,"modifiedTimeMillis":1578749795557,"rawTimestampNanos":0},
        {"fitValue":[{"value":{"intVal":7}}],"originDataSourceId":"raw:com.google.step_count.cumulative:Compal:Fossil Sport:fd6b573b4a1f9906:pedometer_wrist  Non-wakeup","endTimeNanos":1578131992618091181,"dataTypeName":"com.google.activity.segment","startTimeNanos":1578131929380591181,"modifiedTimeMillis":1578749796094,"rawTimestampNanos":0},
        {"fitValue":[{"value":{"intVal":7}}],"originDataSourceId":"raw:com.google.step_count.cumulative:Compal:Fossil Sport:fd6b573b4a1f9906:pedometer_wrist  Non-wakeup","endTimeNanos":1578153745955520348,"dataTypeName":"com.google.activity.segment","startTimeNanos":1578153683718020348,"modifiedTimeMillis":1578749796094,"rawTimestampNanos":0},
        {"fitValue":[{"value":{"intVal":7}}],"originDataSourceId":"raw:com.google.step_count.cumulative:Compal:Fossil Sport:fd6b573b4a1f9906:pedometer_wrist  Non-wakeup","endTimeNanos":1578160345693051962,"dataTypeName":"com.google.activity.segment","startTimeNanos":1578160270355551962,"modifiedTimeMillis":1578749796094,"rawTimestampNanos":0},
        {"fitValue":[{"value":{"intVal":7}}],"originDataSourceId":"raw:com.google.step_count.cumulative:Compal:Fossil Sport:fd6b573b4a1f9906:pedometer_wrist  Non-wakeup","endTimeNanos":1578160668393051962,"dataTypeName":"com.google.activity.segment","startTimeNanos":1578160438780551962,"modifiedTimeMillis":1578749796094,"rawTimestampNanos":0},
        {"fitValue":[{"value":{"intVal":7}}],"originDataSourceId":"raw:com.google.step_count.cumulative:Compal:Fossil Sport:fd6b573b4a1f9906:pedometer_wrist  Non-wakeup","endTimeNanos":1578161266440091546,"dataTypeName":"com.google.activity.segment","startTimeNanos":1578161200790091546,"modifiedTimeMillis":1578749796094,"rawTimestampNanos":0},
        {"fitValue":[{"value":{"intVal":7}}],"originDataSourceId":"raw:com.google.step_count.cumulative:Compal:Fossil Sport:fd6b573b4a1f9906:pedometer_wrist  Non-wakeup","endTimeNanos":1578161446815091546,"dataTypeName":"com.google.activity.segment","startTimeNanos":1578161270902591546,"modifiedTimeMillis":1578749796094,"rawTimestampNanos":0},
        {"fitValue":[{"value":{"intVal":7}}],"originDataSourceId":"raw:com.google.step_count.cumulative:Compal:Fossil Sport:fd6b573b4a1f9906:pedometer_wrist  Non-wakeup","endTimeNanos":1578833911041724358,"dataTypeName":"com.google.activity.segment","startTimeNanos":1578833813241722452,"modifiedTimeMillis":1579753687773,"rawTimestampNanos":0},
        {"fitValue":[{"value":{"intVal":7}}],"originDataSourceId":"raw:com.google.step_count.cumulative:Compal:Fossil Sport:fd6b573b4a1f9906:pedometer_wrist  Non-wakeup","endTimeNanos":1578836051616723360,"dataTypeName":"com.google.activity.segment","startTimeNanos":1578835896841723795,"modifiedTimeMillis":1579753687773,"rawTimestampNanos":0},
        {"fitValue":[{"value":{"intVal":7}}],"originDataSourceId":"raw:com.google.step_count.cumulative:Compal:Fossil Sport:fd6b573b4a1f9906:pedometer_wrist  Non-wakeup","endTimeNanos":1578836274454225966,"dataTypeName":"com.google.activity.segment","startTimeNanos":1578836201329222707,"modifiedTimeMillis":1579753687773,"rawTimestampNanos":0},
        {"fitValue":[{"value":{"intVal":7}}],"originDataSourceId":"raw:com.google.step_count.cumulative:Compal:Fossil Sport:fd6b573b4a1f9906:pedometer_wrist  Non-wakeup","endTimeNanos":1578931458964555918,"dataTypeName":"com.google.activity.segment","startTimeNanos":1578931351527057628,"modifiedTimeMillis":1579753687959,"rawTimestampNanos":0},
        {"fitValue":[{"value":{"intVal":7}}],"originDataSourceId":"raw:com.google.step_count.cumulative:Compal:Fossil Sport:fd6b573b4a1f9906:pedometer_wrist  Non-wakeup","endTimeNanos":1578934731127054018,"dataTypeName":"com.google.activity.segment","startTimeNanos":1578934517639553640,"modifiedTimeMillis":1579753687959,"rawTimestampNanos":0},
        {"fitValue":[{"value":{"intVal":7}}],"originDataSourceId":"raw:com.google.step_count.cumulative:Compal:Fossil Sport:fd6b573b4a1f9906:pedometer_wrist  Non-wakeup","endTimeNanos":1579329929722653512,"dataTypeName":"com.google.activity.segment","startTimeNanos":1579329612247653771,"modifiedTimeMillis":1579753688086,"rawTimestampNanos":0},
        {"fitValue":[{"value":{"intVal":7}}],"originDataSourceId":"raw:com.google.step_count.cumulative:Compal:Fossil Sport:fd6b573b4a1f9906:pedometer_wrist  Non-wakeup","endTimeNanos":1579330307410157263,"dataTypeName":"com.google.activity.segment","startTimeNanos":1579330188347654256,"modifiedTimeMillis":1579753688086,"rawTimestampNanos":0},
        {"fitValue":[{"value":{"intVal":7}}],"originDataSourceId":"raw:com.google.step_count.cumulative:Compal:Fossil Sport:fd6b573b4a1f9906:pedometer_wrist  Non-wakeup","endTimeNanos":1579332346210154147,"dataTypeName":"com.google.activity.segment","startTimeNanos":1579331429747652400,"modifiedTimeMillis":1579753688086,"rawTimestampNanos":0},
        {"fitValue":[{"value":{"intVal":7}}],"originDataSourceId":"raw:com.google.step_count.cumulative:Compal:Fossil Sport:fd6b573b4a1f9906:pedometer_wrist  Non-wakeup","endTimeNanos":1579333407035152971,"dataTypeName":"com.google.activity.segment","startTimeNanos":1579333270085151565,"modifiedTimeMillis":1579753688086,"rawTimestampNanos":0},
        {"fitValue":[{"value":{"intVal":7}}],"originDataSourceId":"raw:com.google.step_count.cumulative:Compal:Fossil Sport:fd6b573b4a1f9906:pedometer_wrist  Non-wakeup","endTimeNanos":1579333993235155195,"dataTypeName":"com.google.activity.segment","startTimeNanos":1579333907047651264,"modifiedTimeMillis":1579753688086,"rawTimestampNanos":0},
        {"fitValue":[{"value":{"intVal":7}}],"originDataSourceId":"raw:com.google.step_count.cumulative:Compal:Fossil Sport:fd6b573b4a1f9906:pedometer_wrist  Non-wakeup","endTimeNanos":1579334945947652105,"dataTypeName":"com.google.activity.segment","startTimeNanos":1579334807422652313,"modifiedTimeMillis":1579753688086,"rawTimestampNanos":0},
        {"fitValue":[{"value":{"intVal":7}}],"originDataSourceId":"raw:com.google.step_count.cumulative:Compal:Fossil Sport:fd6b573b4a1f9906:pedometer_wrist  Non-wakeup","endTimeNanos":1579335059260151281,"dataTypeName":"com.google.activity.segment","startTimeNanos":1579334984622652270,"modifiedTimeMillis":1579753688086,"rawTimestampNanos":0},
        {"fitValue":[{"value":{"intVal":7}}],"originDataSourceId":"raw:com.google.step_count.cumulative:Compal:Fossil Sport:fd6b573b4a1f9906:pedometer_wrist  Non-wakeup","endTimeNanos":1579336290472651830,"dataTypeName":"com.google.activity.segment","startTimeNanos":1579335920597650629,"modifiedTimeMillis":1579753688086,"rawTimestampNanos":0},
        {"fitValue":[{"value":{"intVal":7}}],"originDataSourceId":"raw:com.google.step_count.cumulative:Compal:Fossil Sport:fd6b573b4a1f9906:pedometer_wrist  Non-wakeup","endTimeNanos":1579337641372652106,"dataTypeName":"com.google.activity.segment","startTimeNanos":1579337565072654306,"modifiedTimeMillis":1579753688086,"rawTimestampNanos":0},
        {"fitValue":[{"value":{"intVal":7}}],"originDataSourceId":"raw:com.google.step_count.cumulative:Compal:Fossil Sport:fd6b573b4a1f9906:pedometer_wrist  Non-wakeup","endTimeNanos":1579781765139000000,"dataTypeName":"com.google.activity.segment","startTimeNanos":1579781674003000000,"modifiedTimeMillis":1581085616459,"rawTimestampNanos":0},
        {"fitValue":[{"value":{"intVal":7}}],"originDataSourceId":"raw:com.google.step_count.cumulative:Compal:Fossil Sport:fd6b573b4a1f9906:pedometer_wrist  Non-wakeup","endTimeNanos":1579782008637000000,"dataTypeName":"com.google.activity.segment","startTimeNanos":1579781916409000000,"modifiedTimeMillis":1581085616459,"rawTimestampNanos":0},
        {"fitValue":[{"value":{"intVal":7}}],"originDataSourceId":"raw:com.google.step_count.cumulative:Compal:Fossil Sport:fd6b573b4a1f9906:pedometer_wrist  Non-wakeup","endTimeNanos":1579956478856553361,"dataTypeName":"com.google.activity.segment","startTimeNanos":1579956402219051577,"modifiedTimeMillis":1581085616619,"rawTimestampNanos":0},
        {"fitValue":[{"value":{"intVal":7}}],"originDataSourceId":"raw:com.google.step_count.cumulative:Compal:Fossil Sport:fd6b573b4a1f9906:pedometer_wrist  Non-wakeup","endTimeNanos":1579966218381547512,"dataTypeName":"com.google.activity.segment","startTimeNanos":1579965992969047811,"modifiedTimeMillis":1581085616619,"rawTimestampNanos":0},
        {"fitValue":[{"value":{"intVal":7}}],"originDataSourceId":"raw:com.google.step_count.cumulative:Compal:Fossil Sport:fd6b573b4a1f9906:pedometer_wrist  Non-wakeup","endTimeNanos":1580616739192982945,"dataTypeName":"com.google.activity.segment","startTimeNanos":1580616678880482606,"modifiedTimeMillis":1581085616903,"rawTimestampNanos":0},
        {"fitValue":[{"value":{"intVal":7}}],"originDataSourceId":"raw:com.google.step_count.cumulative:Compal:Fossil Sport:fd6b573b4a1f9906:pedometer_wrist  Non-wakeup","endTimeNanos":1597195734561780228,"dataTypeName":"com.google.activity.segment","startTimeNanos":1597194974061921832,"modifiedTimeMillis":1597202213881,"rawTimestampNanos":0},
        {"fitValue":[{"value":{"intVal":7}}],"originDataSourceId":"raw:com.google.step_count.cumulative:Compal:Fossil Sport:fd6b573b4a1f9906:pedometer_wrist  Non-wakeup","endTimeNanos":1597326168204942325,"dataTypeName":"com.google.activity.segment","startTimeNanos":1597326108129943552,"modifiedTimeMillis":1598202364010,"rawTimestampNanos":0},
        {"fitValue":[{"value":{"intVal":7}}],"originDataSourceId":"raw:com.google.step_count.cumulative:Compal:Fossil Sport:fd6b573b4a1f9906:pedometer_wrist  Non-wakeup","endTimeNanos":1598198433361895966,"dataTypeName":"com.google.activity.segment","startTimeNanos":1598198288561892709,"modifiedTimeMillis":1598202364247,"rawTimestampNanos":0}
    ]
}