{
    "Data Source": "derived:com.google.distance.delta:com.google.android.gms:Compal:Fossil Sport:fd6b573b4a1f9906:from_activity\u003c-raw:com.google.location.sample:com.google.android.gms:Compal:Fossil Sport:fd6b573b4a1f9906:live_location",
    "Data Points": [
        {"fitValue":[{"value":{"fpVal":32.989585876464844}}],"originDataSourceId":"raw:com.google.location.sample:com.google.android.gms:Compal:Fossil Sport:fd6b573b4a1f9906:live_location","endTimeNanos":1597194598170000000,"dataTypeName":"com.google.distance.delta","startTimeNanos":1597194591197000000,"modifiedTimeMillis":1597202214225,"rawTimestampNanos":0},
        {"fitValue":[{"value":{"fpVal":94.33235931396484}}],"originDataSourceId":"raw:com.google.location.sample:com.google.android.gms:Compal:Fossil Sport:fd6b573b4a1f9906:live_location","endTimeNanos":1597194628058000000,"dataTypeName":"com.google.distance.delta","startTimeNanos":1597194598170000000,"modifiedTimeMillis":1597202214225,"rawTimestampNanos":0},
        {"fitValue":[{"value":{"fpVal":97.07264709472656}}],"originDataSourceId":"raw:com.google.location.sample:com.google.android.gms:Compal:Fossil Sport:fd6b573b4a1f9906:live_location","endTimeNanos":1597194658090000000,"dataTypeName":"com.google.distance.delta","startTimeNanos":1597194628058000000,"modifiedTimeMillis":1597202214225,"rawTimestampNanos":0},
        {"fitValue":[{"value":{"fpVal":94.1470947265625}}],"originDataSourceId":"raw:com.google.location.sample:com.google.android.gms:Compal:Fossil Sport:fd6b573b4a1f9906:live_location","endTimeNanos":1597194688091000000,"dataTypeName":"com.google.distance.delta","startTimeNanos":1597194658090000000,"modifiedTimeMillis":1597202214225,"rawTimestampNanos":0},
        {"fitValue":[{"value":{"fpVal":95.32918548583984}}],"originDataSourceId":"raw:com.google.location.sample:com.google.android.gms:Compal:Fossil Sport:fd6b573b4a1f9906:live_location","endTimeNanos":1597194718087000000,"dataTypeName":"com.google.distance.delta","startTimeNanos":1597194688091000000,"modifiedTimeMillis":1597202214225,"rawTimestampNanos":0},
        {"fitValue":[{"value":{"fpVal":121.9957046508789}}],"originDataSourceId":"raw:com.google.location.sample:com.google.android.gms:Compal:Fossil Sport:fd6b573b4a1f9906:live_location","endTimeNanos":1597194748086000000,"dataTypeName":"com.google.distance.delta","startTimeNanos":1597194718087000000,"modifiedTimeMillis":1597202214225,"rawTimestampNanos":0},
        {"fitValue":[{"value":{"fpVal":60.274757385253906}}],"originDataSourceId":"raw:com.google.location.sample:com.google.android.gms:Compal:Fossil Sport:fd6b573b4a1f9906:live_location","endTimeNanos":1597194774086000000,"dataTypeName":"com.google.distance.delta","startTimeNanos":1597194748086000000,"modifiedTimeMillis":1597202214225,"rawTimestampNanos":0},
        {"fitValue":[{"value":{"fpVal":10.184582710266113}}],"originDataSourceId":"raw:com.google.location.sample:com.google.android.gms:Compal:Fossil Sport:fd6b573b4a1f9906:live_location","endTimeNanos":1597194792085000000,"dataTypeName":"com.google.distance.delta","startTimeNanos":1597194774086000000,"modifiedTimeMillis":1597202214225,"rawTimestampNanos":0},
        {"fitValue":[{"value":{"fpVal":8.605562210083008}}],"originDataSourceId":"raw:com.google.location.sample:com.google.android.gms:Compal:Fossil Sport:fd6b573b4a1f9906:live_location","endTimeNanos":1597194838084000000,"dataTypeName":"com.google.distance.delta","startTimeNanos":1597194792085000000,"modifiedTimeMillis":1597202214225,"rawTimestampNanos":0},
        {"fitValue":[{"value":{"fpVal":12.186119079589844}}],"originDataSourceId":"raw:com.google.location.sample:com.google.android.gms:Compal:Fossil Sport:fd6b573b4a1f9906:live_location","endTimeNanos":1597194868048000000,"dataTypeName":"com.google.distance.delta","startTimeNanos":1597194838084000000,"modifiedTimeMillis":1597202214225,"rawTimestampNanos":0},
        {"fitValue":[{"value":{"fpVal":11.985820770263672}}],"originDataSourceId":"raw:com.google.location.sample:com.google.android.gms:Compal:Fossil Sport:fd6b573b4a1f9906:live_location","endTimeNanos":1597194896080000000,"dataTypeName":"com.google.distance.delta","startTimeNanos":1597194868048000000,"modifiedTimeMillis":1597202214225,"rawTimestampNanos":0},
        {"fitValue":[{"value":{"fpVal":50.771297454833984}}],"originDataSourceId":"raw:com.google.location.sample:com.google.android.gms:Compal:Fossil Sport:fd6b573b4a1f9906:live_location","endTimeNanos":1597194928088000000,"dataTypeName":"com.google.distance.delta","startTimeNanos":1597194896080000000,"modifiedTimeMillis":1597202214225,"rawTimestampNanos":0},
        {"fitValue":[{"value":{"fpVal":18.374713897705078}}],"originDataSourceId":"raw:com.google.location.sample:com.google.android.gms:Compal:Fossil Sport:fd6b573b4a1f9906:live_location","endTimeNanos":1597194941570000000,"dataTypeName":"com.google.distance.delta","startTimeNanos":1597194928088000000,"modifiedTimeMillis":1597202214225,"rawTimestampNanos":0},
        {"fitValue":[{"value":{"fpVal":12.375986099243164}}],"originDataSourceId":"raw:com.google.location.sample:com.google.android.gms:Compal:Fossil Sport:fd6b573b4a1f9906:live_location","endTimeNanos":1597194989101000000,"dataTypeName":"com.google.distance.delta","startTimeNanos":1597194980363000000,"modifiedTimeMillis":1597202218188,"rawTimestampNanos":0},
        {"fitValue":[{"value":{"fpVal":75.02557373046875}}],"originDataSourceId":"raw:com.google.location.sample:com.google.android.gms:Compal:Fossil Sport:fd6b573b4a1f9906:live_location","endTimeNanos":1597195019082000000,"dataTypeName":"com.google.distance.delta","startTimeNanos":1597194989101000000,"modifiedTimeMillis":1597202214225,"rawTimestampNanos":0},
        {"fitValue":[{"value":{"fpVal":69.9660415649414}}],"originDataSourceId":"raw:com.google.location.sample:com.google.android.gms:Compal:Fossil Sport:fd6b573b4a1f9906:live_location","endTimeNanos":1597195049056000000,"dataTypeName":"com.google.distance.delta","startTimeNanos":1597195019082000000,"modifiedTimeMillis":1597202214225,"rawTimestampNanos":0},
        {"fitValue":[{"value":{"fpVal":59.18086242675781}}],"originDataSourceId":"raw:com.google.location.sample:com.google.android.gms:Compal:Fossil Sport:fd6b573b4a1f9906:live_location","endTimeNanos":1597195079077000000,"dataTypeName":"com.google.distance.delta","startTimeNanos":1597195049056000000,"modifiedTimeMillis":1597202214225,"rawTimestampNanos":0},
        {"fitValue":[{"value":{"fpVal":56.05161666870117}}],"originDataSourceId":"raw:com.google.location.sample:com.google.android.gms:Compal:Fossil Sport:fd6b573b4a1f9906:live_location","endTimeNanos":1597195109092000000,"dataTypeName":"com.google.distance.delta","startTimeNanos":1597195079077000000,"modifiedTimeMillis":1597202214225,"rawTimestampNanos":0},
        {"fitValue":[{"value":{"fpVal":62.50536346435547}}],"originDataSourceId":"raw:com.google.location.sample:com.google.android.gms:Compal:Fossil Sport:fd6b573b4a1f9906:live_location","endTimeNanos":1597195169092000000,"dataTypeName":"com.google.distance.delta","startTimeNanos":1597195139077000000,"modifiedTimeMillis":1597202214225,"rawTimestampNanos":0},
        {"fitValue":[{"value":{"fpVal":36.36865997314453}}],"originDataSourceId":"raw:com.google.location.sample:com.google.android.gms:Compal:Fossil Sport:fd6b573b4a1f9906:live_location","endTimeNanos":1597195199091000000,"dataTypeName":"com.google.distance.delta","startTimeNanos":1597195169092000000,"modifiedTimeMillis":1597202214225,"rawTimestampNanos":0},
        {"fitValue":[{"value":{"fpVal":33.76535415649414}}],"originDataSourceId":"raw:com.google.location.sample:com.google.android.gms:Compal:Fossil Sport:fd6b573b4a1f9906:live_location","endTimeNanos":1597195229086000000,"dataTypeName":"com.google.distance.delta","startTimeNanos":1597195199091000000,"modifiedTimeMillis":1597202214225,"rawTimestampNanos":0},
        {"fitValue":[{"value":{"fpVal":32.39514923095703}}],"originDataSourceId":"raw:com.google.location.sample:com.google.android.gms:Compal:Fossil Sport:fd6b573b4a1f9906:live_location","endTimeNanos":1597195259065000000,"dataTypeName":"com.google.distance.delta","startTimeNanos":1597195229086000000,"modifiedTimeMillis":1597202214225,"rawTimestampNanos":0},
        {"fitValue":[{"value":{"fpVal":55.7801513671875}}],"originDataSourceId":"raw:com.google.location.sample:com.google.android.gms:Compal:Fossil Sport:fd6b573b4a1f9906:live_location","endTimeNanos":1597195409061000000,"dataTypeName":"com.google.distance.delta","startTimeNanos":1597195379658000000,"modifiedTimeMillis":1597202214225,"rawTimestampNanos":0},
        {"fitValue":[{"value":{"fpVal":65.19628143310547}}],"originDataSourceId":"raw:com.google.location.sample:com.google.android.gms:Compal:Fossil Sport:fd6b573b4a1f9906:live_location","endTimeNanos":1597195439049000000,"dataTypeName":"com.google.distance.delta","startTimeNanos":1597195409061000000,"modifiedTimeMillis":1597202214225,"rawTimestampNanos":0},
        {"fitValue":[{"value":{"fpVal":71.34464263916016}}],"originDataSourceId":"raw:com.google.location.sample:com.google.android.gms:Compal:Fossil Sport:fd6b573b4a1f9906:live_location","endTimeNanos":1597195469081000000,"dataTypeName":"com.google.distance.delta","startTimeNanos":1597195439049000000,"modifiedTimeMillis":1597202214225,"rawTimestampNanos":0},
        {"fitValue":[{"value":{"fpVal":61.42490768432617}}],"originDataSourceId":"raw:com.google.location.sample:com.google.android.gms:Compal:Fossil Sport:fd6b573b4a1f9906:live_location","endTimeNanos":1597195495047000000,"dataTypeName":"com.google.distance.delta","startTimeNanos":1597195469081000000,"modifiedTimeMillis":1597202214225,"rawTimestampNanos":0},
        {"fitValue":[{"value":{"fpVal":12.048233985900879}}],"originDataSourceId":"raw:com.google.location.sample:com.google.android.gms:Compal:Fossil Sport:fd6b573b4a1f9906:live_location","endTimeNanos":1597195829083000000,"dataTypeName":"com.google.distance.delta","startTimeNanos":1597195819131000000,"modifiedTimeMillis":1597202218188,"rawTimestampNanos":0},
        {"fitValue":[{"value":{"fpVal":122.2918701171875}}],"originDataSourceId":"raw:com.google.location.sample:com.google.android.gms:Compal:Fossil Sport:fd6b573b4a1f9906:live_location","endTimeNanos":1597195859086000000,"dataTypeName":"com.google.distance.delta","startTimeNanos":1597195829083000000,"modifiedTimeMillis":1597202218188,"rawTimestampNanos":0},
        {"fitValue":[{"value":{"fpVal":112.77096557617188}}],"originDataSourceId":"raw:com.google.location.sample:com.google.android.gms:Compal:Fossil Sport:fd6b573b4a1f9906:live_location","endTimeNanos":1597195889100000000,"dataTypeName":"com.google.distance.delta","startTimeNanos":1597195859086000000,"modifiedTimeMillis":1597202218188,"rawTimestampNanos":0},
        {"fitValue":[{"value":{"fpVal":112.8035659790039}}],"originDataSourceId":"raw:com.google.location.sample:com.google.android.gms:Compal:Fossil Sport:fd6b573b4a1f9906:live_location","endTimeNanos":1597195919083000000,"dataTypeName":"com.google.distance.delta","startTimeNanos":1597195889100000000,"modifiedTimeMillis":1597202218188,"rawTimestampNanos":0},
        {"fitValue":[{"value":{"fpVal":133.53538513183594}}],"originDataSourceId":"raw:com.google.location.sample:com.google.android.gms:Compal:Fossil Sport:fd6b573b4a1f9906:live_location","endTimeNanos":1597195949078000000,"dataTypeName":"com.google.distance.delta","startTimeNanos":1597195919083000000,"modifiedTimeMillis":1597202218188,"rawTimestampNanos":0},
        {"fitValue":[{"value":{"fpVal":121.85204315185547}}],"originDataSourceId":"raw:com.google.location.sample:com.google.android.gms:Compal:Fossil Sport:fd6b573b4a1f9906:live_location","endTimeNanos":1597195979084000000,"dataTypeName":"com.google.distance.delta","startTimeNanos":1597195949078000000,"modifiedTimeMillis":1597202218188,"rawTimestampNanos":0},
        {"fitValue":[{"value":{"fpVal":122.62004852294922}}],"originDataSourceId":"raw:com.google.location.sample:com.google.android.gms:Compal:Fossil Sport:fd6b573b4a1f9906:live_location","endTimeNanos":1597196009084000000,"dataTypeName":"com.google.distance.delta","startTimeNanos":1597195979084000000,"modifiedTimeMillis":1597202218188,"rawTimestampNanos":0},
        {"fitValue":[{"value":{"fpVal":149.5023651123047}}],"originDataSourceId":"raw:com.google.location.sample:com.google.android.gms:Compal:Fossil Sport:fd6b573b4a1f9906:live_location","endTimeNanos":1597196039096000000,"dataTypeName":"com.google.distance.delta","startTimeNanos":1597196009084000000,"modifiedTimeMillis":1597202218188,"rawTimestampNanos":0},
        {"fitValue":[{"value":{"fpVal":152.4510040283203}}],"originDataSourceId":"raw:com.google.location.sample:com.google.android.gms:Compal:Fossil Sport:fd6b573b4a1f9906:live_location","endTimeNanos":1597196069082000000,"dataTypeName":"com.google.distance.delta","startTimeNanos":1597196039096000000,"modifiedTimeMillis":1597202218188,"rawTimestampNanos":0},
        {"fitValue":[{"value":{"fpVal":149.8946075439453}}],"originDataSourceId":"raw:com.google.location.sample:com.google.android.gms:Compal:Fossil Sport:fd6b573b4a1f9906:live_location","endTimeNanos":1597196099089000000,"dataTypeName":"com.google.distance.delta","startTimeNanos":1597196069082000000,"modifiedTimeMillis":1597202218188,"rawTimestampNanos":0},
        {"fitValue":[{"value":{"fpVal":148.44699096679688}}],"originDataSourceId":"raw:com.google.location.sample:com.google.android.gms:Compal:Fossil Sport:fd6b573b4a1f9906:live_location","endTimeNanos":1597196129049000000,"dataTypeName":"com.google.distance.delta","startTimeNanos":1597196099089000000,"modifiedTimeMillis":1597202218188,"rawTimestampNanos":0},
        {"fitValue":[{"value":{"fpVal":117.28165435791016}}],"originDataSourceId":"raw:com.google.location.sample:com.google.android.gms:Compal:Fossil Sport:fd6b573b4a1f9906:live_location","endTimeNanos":1597196159044000000,"dataTypeName":"com.google.distance.delta","startTimeNanos":1597196129049000000,"modifiedTimeMillis":1597202218188,"rawTimestampNanos":0},
        {"fitValue":[{"value":{"fpVal":125.51638793945312}}],"originDataSourceId":"raw:com.google.location.sample:com.google.android.gms:Compal:Fossil Sport:fd6b573b4a1f9906:live_location","endTimeNanos":1597196189081000000,"dataTypeName":"com.google.distance.delta","startTimeNanos":1597196159044000000,"modifiedTimeMillis":1597202218188,"rawTimestampNanos":0},
        {"fitValue":[{"value":{"fpVal":100.83878326416016}}],"originDataSourceId":"raw:com.google.location.sample:com.google.android.gms:Compal:Fossil Sport:fd6b573b4a1f9906:live_location","endTimeNanos":1597196219080000000,"dataTypeName":"com.google.distance.delta","startTimeNanos":1597196189081000000,"modifiedTimeMillis":1597202218188,"rawTimestampNanos":0},
        {"fitValue":[{"value":{"fpVal":100.11740112304688}}],"originDataSourceId":"raw:com.google.location.sample:com.google.android.gms:Compal:Fossil Sport:fd6b573b4a1f9906:live_location","endTimeNanos":1597196249082000000,"dataTypeName":"com.google.distance.delta","startTimeNanos":1597196219080000000,"modifiedTimeMillis":1597202218188,"rawTimestampNanos":0},
        {"fitValue":[{"value":{"fpVal":85.95603942871094}}],"originDataSourceId":"raw:com.google.location.sample:com.google.android.gms:Compal:Fossil Sport:fd6b573b4a1f9906:live_location","endTimeNanos":1597196279080000000,"dataTypeName":"com.google.distance.delta","startTimeNanos":1597196249082000000,"modifiedTimeMillis":1597202218188,"rawTimestampNanos":0},
        {"fitValue":[{"value":{"fpVal":85.04695129394531}}],"originDataSourceId":"raw:com.google.location.sample:com.google.android.gms:Compal:Fossil Sport:fd6b573b4a1f9906:live_location","endTimeNanos":1597196309088000000,"dataTypeName":"com.google.distance.delta","startTimeNanos":1597196279080000000,"modifiedTimeMillis":1597202218188,"rawTimestampNanos":0},
        {"fitValue":[{"value":{"fpVal":76.76952362060547}}],"originDataSourceId":"raw:com.google.location.sample:com.google.android.gms:Compal:Fossil Sport:fd6b573b4a1f9906:live_location","endTimeNanos":1597196339074000000,"dataTypeName":"com.google.distance.delta","startTimeNanos":1597196309088000000,"modifiedTimeMillis":1597202218188,"rawTimestampNanos":0},
        {"fitValue":[{"value":{"fpVal":102.66400909423828}}],"originDataSourceId":"raw:com.google.location.sample:com.google.android.gms:Compal:Fossil Sport:fd6b573b4a1f9906:live_location","endTimeNanos":1597196369049000000,"dataTypeName":"com.google.distance.delta","startTimeNanos":1597196339074000000,"modifiedTimeMillis":1597202218188,"rawTimestampNanos":0},
        {"fitValue":[{"value":{"fpVal":163.66323852539062}}],"originDataSourceId":"raw:com.google.location.sample:com.google.android.gms:Compal:Fossil Sport:fd6b573b4a1f9906:live_location","endTimeNanos":1597196399053000000,"dataTypeName":"com.google.distance.delta","startTimeNanos":1597196369049000000,"modifiedTimeMillis":1597202218188,"rawTimestampNanos":0},
        {"fitValue":[{"value":{"fpVal":172.96160888671875}}],"originDataSourceId":"raw:com.google.location.sample:com.google.android.gms:Compal:Fossil Sport:fd6b573b4a1f9906:live_location","endTimeNanos":1597196429042000000,"dataTypeName":"com.google.distance.delta","startTimeNanos":1597196399053000000,"modifiedTimeMillis":1597202218188,"rawTimestampNanos":0},
        {"fitValue":[{"value":{"fpVal":84.72041320800781}}],"originDataSourceId":"raw:com.google.location.sample:com.google.android.gms:Compal:Fossil Sport:fd6b573b4a1f9906:live_location","endTimeNanos":1597196459042000000,"dataTypeName":"com.google.distance.delta","startTimeNanos":1597196429042000000,"modifiedTimeMillis":1597202218188,"rawTimestampNanos":0},
        {"fitValue":[{"value":{"fpVal":105.09318542480469}}],"originDataSourceId":"raw:com.google.location.sample:com.google.android.gms:Compal:Fossil Sport:fd6b573b4a1f9906:live_location","endTimeNanos":1597196489085000000,"dataTypeName":"com.google.distance.delta","startTimeNanos":1597196459042000000,"modifiedTimeMillis":1597202218188,"rawTimestampNanos":0},
        {"fitValue":[{"value":{"fpVal":103.1850814819336}}],"originDataSourceId":"raw:com.google.location.sample:com.google.android.gms:Compal:Fossil Sport:fd6b573b4a1f9906:live_location","endTimeNanos":1597196519043000000,"dataTypeName":"com.google.distance.delta","startTimeNanos":1597196489085000000,"modifiedTimeMillis":1597202218188,"rawTimestampNanos":0},
        {"fitValue":[{"value":{"fpVal":105.83418273925781}}],"originDataSourceId":"raw:com.google.location.sample:com.google.android.gms:Compal:Fossil Sport:fd6b573b4a1f9906:live_location","endTimeNanos":1597196549047000000,"dataTypeName":"com.google.distance.delta","startTimeNanos":1597196519043000000,"modifiedTimeMillis":1597202218188,"rawTimestampNanos":0},
        {"fitValue":[{"value":{"fpVal":165.1208953857422}}],"originDataSourceId":"raw:com.google.location.sample:com.google.android.gms:Compal:Fossil Sport:fd6b573b4a1f9906:live_location","endTimeNanos":1597196579062000000,"dataTypeName":"com.google.distance.delta","startTimeNanos":1597196549047000000,"modifiedTimeMillis":1597202218188,"rawTimestampNanos":0},
        {"fitValue":[{"value":{"fpVal":129.24220275878906}}],"originDataSourceId":"raw:com.google.location.sample:com.google.android.gms:Compal:Fossil Sport:fd6b573b4a1f9906:live_location","endTimeNanos":1597196609045000000,"dataTypeName":"com.google.distance.delta","startTimeNanos":1597196579062000000,"modifiedTimeMillis":1597202218188,"rawTimestampNanos":0},
        {"fitValue":[{"value":{"fpVal":117.87308502197266}}],"originDataSourceId":"raw:com.google.location.sample:com.google.android.gms:Compal:Fossil Sport:fd6b573b4a1f9906:live_location","endTimeNanos":1597196639048000000,"dataTypeName":"com.google.distance.delta","startTimeNanos":1597196609045000000,"modifiedTimeMillis":1597202218188,"rawTimestampNanos":0},
        {"fitValue":[{"value":{"fpVal":96.98912811279297}}],"originDataSourceId":"raw:com.google.location.sample:com.google.android.gms:Compal:Fossil Sport:fd6b573b4a1f9906:live_location","endTimeNanos":1597196669047000000,"dataTypeName":"com.google.distance.delta","startTimeNanos":1597196639048000000,"modifiedTimeMillis":1597202218188,"rawTimestampNanos":0},
        {"fitValue":[{"value":{"fpVal":100.53675842285156}}],"originDataSourceId":"raw:com.google.location.sample:com.google.android.gms:Compal:Fossil Sport:fd6b573b4a1f9906:live_location","endTimeNanos":1597196699052000000,"dataTypeName":"com.google.distance.delta","startTimeNanos":1597196669047000000,"modifiedTimeMillis":1597202218188,"rawTimestampNanos":0},
        {"fitValue":[{"value":{"fpVal":101.72001647949219}}],"originDataSourceId":"raw:com.google.location.sample:com.google.android.gms:Compal:Fossil Sport:fd6b573b4a1f9906:live_location","endTimeNanos":1597196729046000000,"dataTypeName":"com.google.distance.delta","startTimeNanos":1597196699052000000,"modifiedTimeMillis":1597202218188,"rawTimestampNanos":0},
        {"fitValue":[{"value":{"fpVal":105.52977752685547}}],"originDataSourceId":"raw:com.google.location.sample:com.google.android.gms:Compal:Fossil Sport:fd6b573b4a1f9906:live_location","endTimeNanos":1597196759041000000,"dataTypeName":"com.google.distance.delta","startTimeNanos":1597196729046000000,"modifiedTimeMillis":1597202218188,"rawTimestampNanos":0},
        {"fitValue":[{"value":{"fpVal":94.78021240234375}}],"originDataSourceId":"raw:com.google.location.sample:com.google.android.gms:Compal:Fossil Sport:fd6b573b4a1f9906:live_location","endTimeNanos":1597196789046000000,"dataTypeName":"com.google.distance.delta","startTimeNanos":1597196759041000000,"modifiedTimeMillis":1597202218188,"rawTimestampNanos":0},
        {"fitValue":[{"value":{"fpVal":115.32023620605469}}],"originDataSourceId":"raw:com.google.location.sample:com.google.android.gms:Compal:Fossil Sport:fd6b573b4a1f9906:live_location","endTimeNanos":1597196819045000000,"dataTypeName":"com.google.distance.delta","startTimeNanos":1597196789046000000,"modifiedTimeMillis":1597202218188,"rawTimestampNanos":0},
        {"fitValue":[{"value":{"fpVal":117.99837493896484}}],"originDataSourceId":"raw:com.google.location.sample:com.google.android.gms:Compal:Fossil Sport:fd6b573b4a1f9906:live_location","endTimeNanos":1597196849040000000,"dataTypeName":"com.google.distance.delta","startTimeNanos":1597196819045000000,"modifiedTimeMillis":1597202218188,"rawTimestampNanos":0},
        {"fitValue":[{"value":{"fpVal":126.73434448242188}}],"originDataSourceId":"raw:com.google.location.sample:com.google.android.gms:Compal:Fossil Sport:fd6b573b4a1f9906:live_location","endTimeNanos":1597196879085000000,"dataTypeName":"com.google.distance.delta","startTimeNanos":1597196849040000000,"modifiedTimeMillis":1597202218188,"rawTimestampNanos":0},
        {"fitValue":[{"value":{"fpVal":130.2811279296875}}],"originDataSourceId":"raw:com.google.location.sample:com.google.android.gms:Compal:Fossil Sport:fd6b573b4a1f9906:live_location","endTimeNanos":1597196909093000000,"dataTypeName":"com.google.distance.delta","startTimeNanos":1597196879085000000,"modifiedTimeMillis":1597202218188,"rawTimestampNanos":0},
        {"fitValue":[{"value":{"fpVal":128.8584442138672}}],"originDataSourceId":"raw:com.google.location.sample:com.google.android.gms:Compal:Fossil Sport:fd6b573b4a1f9906:live_location","endTimeNanos":1597196939088000000,"dataTypeName":"com.google.distance.delta","startTimeNanos":1597196909093000000,"modifiedTimeMillis":1597202218188,"rawTimestampNanos":0},
        {"fitValue":[{"value":{"fpVal":122.44064331054688}}],"originDataSourceId":"raw:com.google.location.sample:com.google.android.gms:Compal:Fossil Sport:fd6b573b4a1f9906:live_location","endTimeNanos":1597196969080000000,"dataTypeName":"com.google.distance.delta","startTimeNanos":1597196939088000000,"modifiedTimeMillis":1597202218188,"rawTimestampNanos":0},
        {"fitValue":[{"value":{"fpVal":173.0400390625}}],"originDataSourceId":"raw:com.google.location.sample:com.google.android.gms:Compal:Fossil Sport:fd6b573b4a1f9906:live_location","endTimeNanos":1597196999072000000,"dataTypeName":"com.google.distance.delta","startTimeNanos":1597196969080000000,"modifiedTimeMillis":1597202218188,"rawTimestampNanos":0},
        {"fitValue":[{"value":{"fpVal":144.2952880859375}}],"originDataSourceId":"raw:com.google.location.sample:com.google.android.gms:Compal:Fossil Sport:fd6b573b4a1f9906:live_location","endTimeNanos":1597197029099000000,"dataTypeName":"com.google.distance.delta","startTimeNanos":1597196999072000000,"modifiedTimeMillis":1597202218188,"rawTimestampNanos":0},
        {"fitValue":[{"value":{"fpVal":67.58706665039062}}],"originDataSourceId":"raw:com.google.location.sample:com.google.android.gms:Compal:Fossil Sport:fd6b573b4a1f9906:live_location","endTimeNanos":1597197057077000000,"dataTypeName":"com.google.distance.delta","startTimeNanos":1597197029099000000,"modifiedTimeMillis":1597202218188,"rawTimestampNanos":0},
        {"fitValue":[{"value":{"fpVal":1.1102827787399292}}],"originDataSourceId":"raw:com.google.location.sample:com.google.android.gms:Compal:Fossil Sport:fd6b573b4a1f9906:live_location","endTimeNanos":1597197063048000000,"dataTypeName":"com.google.distance.delta","startTimeNanos":1597197057077000000,"modifiedTimeMillis":1597202218188,"rawTimestampNanos":0},
        {"fitValue":[{"value":{"fpVal":4.869838237762451}}],"originDataSourceId":"raw:com.google.location.sample:com.google.android.gms:Compal:Fossil Sport:fd6b573b4a1f9906:live_location","endTimeNanos":1597197103080000000,"dataTypeName":"com.google.distance.delta","startTimeNanos":1597197063048000000,"modifiedTimeMillis":1597202218188,"rawTimestampNanos":0},
        {"fitValue":[{"value":{"fpVal":13.139525413513184}}],"originDataSourceId":"raw:com.google.location.sample:com.google.android.gms:Compal:Fossil Sport:fd6b573b4a1f9906:live_location","endTimeNanos":1597197123127000000,"dataTypeName":"com.google.distance.delta","startTimeNanos":1597197103080000000,"modifiedTimeMillis":1597202218188,"rawTimestampNanos":0},
        {"fitValue":[{"value":{"fpVal":29.060379028320312}}],"originDataSourceId":"raw:com.google.location.sample:com.google.android.gms:Compal:Fossil Sport:fd6b573b4a1f9906:live_location","endTimeNanos":1597197778046000000,"dataTypeName":"com.google.distance.delta","startTimeNanos":1597197766307000000,"modifiedTimeMillis":1597202218188,"rawTimestampNanos":0},
        {"fitValue":[{"value":{"fpVal":120.64231872558594}}],"originDataSourceId":"raw:com.google.location.sample:com.google.android.gms:Compal:Fossil Sport:fd6b573b4a1f9906:live_location","endTimeNanos":1597197808041000000,"dataTypeName":"com.google.distance.delta","startTimeNanos":1597197778046000000,"modifiedTimeMillis":1597202218188,"rawTimestampNanos":0},
        {"fitValue":[{"value":{"fpVal":115.07540130615234}}],"originDataSourceId":"raw:com.google.location.sample:com.google.android.gms:Compal:Fossil Sport:fd6b573b4a1f9906:live_location","endTimeNanos":1597197838044000000,"dataTypeName":"com.google.distance.delta","startTimeNanos":1597197808041000000,"modifiedTimeMillis":1597202218188,"rawTimestampNanos":0},
        {"fitValue":[{"value":{"fpVal":16.021007537841797}}],"originDataSourceId":"raw:com.google.location.sample:com.google.android.gms:Compal:Fossil Sport:fd6b573b4a1f9906:live_location","endTimeNanos":1597197858100000000,"dataTypeName":"com.google.distance.delta","startTimeNanos":1597197838044000000,"modifiedTimeMillis":1597202218188,"rawTimestampNanos":0},
        {"fitValue":[{"value":{"fpVal":110.97020721435547}}],"originDataSourceId":"raw:com.google.location.sample:com.google.android.gms:Compal:Fossil Sport:fd6b573b4a1f9906:live_location","endTimeNanos":1597197898084000000,"dataTypeName":"com.google.distance.delta","startTimeNanos":1597197858100000000,"modifiedTimeMillis":1597202218188,"rawTimestampNanos":0},
        {"fitValue":[{"value":{"fpVal":132.08428955078125}}],"originDataSourceId":"raw:com.google.location.sample:com.google.android.gms:Compal:Fossil Sport:fd6b573b4a1f9906:live_location","endTimeNanos":1597197928093000000,"dataTypeName":"com.google.distance.delta","startTimeNanos":1597197898084000000,"modifiedTimeMillis":1597202218188,"rawTimestampNanos":0},
        {"fitValue":[{"value":{"fpVal":127.28140258789062}}],"originDataSourceId":"raw:com.google.location.sample:com.google.android.gms:Compal:Fossil Sport:fd6b573b4a1f9906:live_location","endTimeNanos":1597197958094000000,"dataTypeName":"com.google.distance.delta","startTimeNanos":1597197928093000000,"modifiedTimeMillis":1597202218188,"rawTimestampNanos":0},
        {"fitValue":[{"value":{"fpVal":111.78092193603516}}],"originDataSourceId":"raw:com.google.location.sample:com.google.android.gms:Compal:Fossil Sport:fd6b573b4a1f9906:live_location","endTimeNanos":1597197988093000000,"dataTypeName":"com.google.distance.delta","startTimeNanos":1597197958094000000,"modifiedTimeMillis":1597202218188,"rawTimestampNanos":0},
        {"fitValue":[{"value":{"fpVal":122.09681701660156}}],"originDataSourceId":"raw:com.google.location.sample:com.google.android.gms:Compal:Fossil Sport:fd6b573b4a1f9906:live_location","endTimeNanos":1597198018078000000,"dataTypeName":"com.google.distance.delta","startTimeNanos":1597197988093000000,"modifiedTimeMillis":1597202218188,"rawTimestampNanos":0},
        {"fitValue":[{"value":{"fpVal":96.0634536743164}}],"originDataSourceId":"raw:com.google.location.sample:com.google.android.gms:Compal:Fossil Sport:fd6b573b4a1f9906:live_location","endTimeNanos":1597198048081000000,"dataTypeName":"com.google.distance.delta","startTimeNanos":1597198018078000000,"modifiedTimeMillis":1597202218188,"rawTimestampNanos":0},
        {"fitValue":[{"value":{"fpVal":20.819374084472656}}],"originDataSourceId":"raw:com.google.location.sample:com.google.android.gms:Compal:Fossil Sport:fd6b573b4a1f9906:live_location","endTimeNanos":1597198062098000000,"dataTypeName":"com.google.distance.delta","startTimeNanos":1597198048081000000,"modifiedTimeMillis":1597202218188,"rawTimestampNanos":0},
        {"fitValue":[{"value":{"fpVal":5.619996547698975}}],"originDataSourceId":"raw:com.google.location.sample:com.google.android.gms:Compal:Fossil Sport:fd6b573b4a1f9906:live_location","endTimeNanos":1597323273079000000,"dataTypeName":"com.google.distance.delta","startTimeNanos":1597323267492000000,"modifiedTimeMillis":1597328771815,"rawTimestampNanos":0},
        {"fitValue":[{"value":{"fpVal":166.85043334960938}}],"originDataSourceId":"raw:com.google.location.sample:com.google.android.gms:Compal:Fossil Sport:fd6b573b4a1f9906:live_location","endTimeNanos":1597323329259000000,"dataTypeName":"com.google.distance.delta","startTimeNanos":1597323273079000000,"modifiedTimeMillis":1597328771815,"rawTimestampNanos":0},
        {"fitValue":[{"value":{"fpVal":129.10861206054688}}],"originDataSourceId":"raw:com.google.location.sample:com.google.android.gms:Compal:Fossil Sport:fd6b573b4a1f9906:live_location","endTimeNanos":1597323358430000000,"dataTypeName":"com.google.distance.delta","startTimeNanos":1597323329259000000,"modifiedTimeMillis":1597328771815,"rawTimestampNanos":0},
        {"fitValue":[{"value":{"fpVal":120.67034912109375}}],"originDataSourceId":"raw:com.google.location.sample:com.google.android.gms:Compal:Fossil Sport:fd6b573b4a1f9906:live_location","endTimeNanos":1597323386935000000,"dataTypeName":"com.google.distance.delta","startTimeNanos":1597323358430000000,"modifiedTimeMillis":1597328771815,"rawTimestampNanos":0},
        {"fitValue":[{"value":{"fpVal":110.93716430664062}}],"originDataSourceId":"raw:com.google.location.sample:com.google.android.gms:Compal:Fossil Sport:fd6b573b4a1f9906:live_location","endTimeNanos":1597323416521000000,"dataTypeName":"com.google.distance.delta","startTimeNanos":1597323386935000000,"modifiedTimeMillis":1597328771815,"rawTimestampNanos":0},
        {"fitValue":[{"value":{"fpVal":157.37734985351562}}],"originDataSourceId":"raw:com.google.location.sample:com.google.android.gms:Compal:Fossil Sport:fd6b573b4a1f9906:live_location","endTimeNanos":1597323448373000000,"dataTypeName":"com.google.distance.delta","startTimeNanos":1597323416521000000,"modifiedTimeMillis":1597328771815,"rawTimestampNanos":0},
        {"fitValue":[{"value":{"fpVal":126.86543273925781}}],"originDataSourceId":"raw:com.google.location.sample:com.google.android.gms:Compal:Fossil Sport:fd6b573b4a1f9906:live_location","endTimeNanos":1597323477879000000,"dataTypeName":"com.google.distance.delta","startTimeNanos":1597323448373000000,"modifiedTimeMillis":1597328771815,"rawTimestampNanos":0},
        {"fitValue":[{"value":{"fpVal":100.09140014648438}}],"originDataSourceId":"raw:com.google.location.sample:com.google.android.gms:Compal:Fossil Sport:fd6b573b4a1f9906:live_location","endTimeNanos":1597323509449000000,"dataTypeName":"com.google.distance.delta","startTimeNanos":1597323477879000000,"modifiedTimeMillis":1597328771815,"rawTimestampNanos":0},
        {"fitValue":[{"value":{"fpVal":123.88352966308594}}],"originDataSourceId":"raw:com.google.location.sample:com.google.android.gms:Compal:Fossil Sport:fd6b573b4a1f9906:live_location","endTimeNanos":1597323538395000000,"dataTypeName":"com.google.distance.delta","startTimeNanos":1597323509449000000,"modifiedTimeMillis":1597328771815,"rawTimestampNanos":0},
        {"fitValue":[{"value":{"fpVal":183.0781707763672}}],"originDataSourceId":"raw:com.google.location.sample:com.google.android.gms:Compal:Fossil Sport:fd6b573b4a1f9906:live_location","endTimeNanos":1597323569391000000,"dataTypeName":"com.google.distance.delta","startTimeNanos":1597323538395000000,"modifiedTimeMillis":1597328771815,"rawTimestampNanos":0},
        {"fitValue":[{"value":{"fpVal":114.85163879394531}}],"originDataSourceId":"raw:com.google.location.sample:com.google.android.gms:Compal:Fossil Sport:fd6b573b4a1f9906:live_location","endTimeNanos":1597323599990000000,"dataTypeName":"com.google.distance.delta","startTimeNanos":1597323569391000000,"modifiedTimeMillis":1597328771815,"rawTimestampNanos":0},
        {"fitValue":[{"value":{"fpVal":141.678466796875}}],"originDataSourceId":"raw:com.google.location.sample:com.google.android.gms:Compal:Fossil Sport:fd6b573b4a1f9906:live_location","endTimeNanos":1597323629887000000,"dataTypeName":"com.google.distance.delta","startTimeNanos":1597323599990000000,"modifiedTimeMillis":1597328771815,"rawTimestampNanos":0},
        {"fitValue":[{"value":{"fpVal":106.30210876464844}}],"originDataSourceId":"raw:com.google.location.sample:com.google.android.gms:Compal:Fossil Sport:fd6b573b4a1f9906:live_location","endTimeNanos":1597323658089000000,"dataTypeName":"com.google.distance.delta","startTimeNanos":1597323629887000000,"modifiedTimeMillis":1597328771815,"rawTimestampNanos":0},
        {"fitValue":[{"value":{"fpVal":109.99427032470703}}],"originDataSourceId":"raw:com.google.location.sample:com.google.android.gms:Compal:Fossil Sport:fd6b573b4a1f9906:live_location","endTimeNanos":1597323689053000000,"dataTypeName":"com.google.distance.delta","startTimeNanos":1597323658089000000,"modifiedTimeMillis":1597328771815,"rawTimestampNanos":0},
        {"fitValue":[{"value":{"fpVal":129.46426391601562}}],"originDataSourceId":"raw:com.google.location.sample:com.google.android.gms:Compal:Fossil Sport:fd6b573b4a1f9906:live_location","endTimeNanos":1597323719422000000,"dataTypeName":"com.google.distance.delta","startTimeNanos":1597323689053000000,"modifiedTimeMillis":1597328771815,"rawTimestampNanos":0},
        {"fitValue":[{"value":{"fpVal":97.33612060546875}}],"originDataSourceId":"raw:com.google.location.sample:com.google.android.gms:Compal:Fossil Sport:fd6b573b4a1f9906:live_location","endTimeNanos":1597323749415000000,"dataTypeName":"com.google.distance.delta","startTimeNanos":1597323719422000000,"modifiedTimeMillis":1597328771815,"rawTimestampNanos":0},
        {"fitValue":[{"value":{"fpVal":124.17533874511719}}],"originDataSourceId":"raw:com.google.location.sample:com.google.android.gms:Compal:Fossil Sport:fd6b573b4a1f9906:live_location","endTimeNanos":1597323778177000000,"dataTypeName":"com.google.distance.delta","startTimeNanos":1597323749415000000,"modifiedTimeMillis":1597328771815,"rawTimestampNanos":0},
        {"fitValue":[{"value":{"fpVal":112.68489837646484}}],"originDataSourceId":"raw:com.google.location.sample:com.google.android.gms:Compal:Fossil Sport:fd6b573b4a1f9906:live_location","endTimeNanos":1597323809987000000,"dataTypeName":"com.google.distance.delta","startTimeNanos":1597323778177000000,"modifiedTimeMillis":1597328771815,"rawTimestampNanos":0},
        {"fitValue":[{"value":{"fpVal":132.94569396972656}}],"originDataSourceId":"raw:com.google.location.sample:com.google.android.gms:Compal:Fossil Sport:fd6b573b4a1f9906:live_location","endTimeNanos":1597323839877000000,"dataTypeName":"com.google.distance.delta","startTimeNanos":1597323809987000000,"modifiedTimeMillis":1597328771815,"rawTimestampNanos":0},
        {"fitValue":[{"value":{"fpVal":164.4251708984375}}],"originDataSourceId":"raw:com.google.location.sample:com.google.android.gms:Compal:Fossil Sport:fd6b573b4a1f9906:live_location","endTimeNanos":1597323869960000000,"dataTypeName":"com.google.distance.delta","startTimeNanos":1597323839877000000,"modifiedTimeMillis":1597328771815,"rawTimestampNanos":0},
        {"fitValue":[{"value":{"fpVal":188.23452758789062}}],"originDataSourceId":"raw:com.google.location.sample:com.google.android.gms:Compal:Fossil Sport:fd6b573b4a1f9906:live_location","endTimeNanos":1597323898909000000,"dataTypeName":"com.google.distance.delta","startTimeNanos":1597323869960000000,"modifiedTimeMillis":1597328771815,"rawTimestampNanos":0},
        {"fitValue":[{"value":{"fpVal":134.49697875976562}}],"originDataSourceId":"raw:com.google.location.sample:com.google.android.gms:Compal:Fossil Sport:fd6b573b4a1f9906:live_location","endTimeNanos":1597323929388000000,"dataTypeName":"com.google.distance.delta","startTimeNanos":1597323898909000000,"modifiedTimeMillis":1597328771815,"rawTimestampNanos":0},
        {"fitValue":[{"value":{"fpVal":158.8502197265625}}],"originDataSourceId":"raw:com.google.location.sample:com.google.android.gms:Compal:Fossil Sport:fd6b573b4a1f9906:live_location","endTimeNanos":1597323958524000000,"dataTypeName":"com.google.distance.delta","startTimeNanos":1597323929388000000,"modifiedTimeMillis":1597328771815,"rawTimestampNanos":0},
        {"fitValue":[{"value":{"fpVal":151.1165771484375}}],"originDataSourceId":"raw:com.google.location.sample:com.google.android.gms:Compal:Fossil Sport:fd6b573b4a1f9906:live_location","endTimeNanos":1597323989924000000,"dataTypeName":"com.google.distance.delta","startTimeNanos":1597323958524000000,"modifiedTimeMillis":1597328771815,"rawTimestampNanos":0},
        {"fitValue":[{"value":{"fpVal":132.64723205566406}}],"originDataSourceId":"raw:com.google.location.sample:com.google.android.gms:Compal:Fossil Sport:fd6b573b4a1f9906:live_location","endTimeNanos":1597324018920000000,"dataTypeName":"com.google.distance.delta","startTimeNanos":1597323989924000000,"modifiedTimeMillis":1597328771815,"rawTimestampNanos":0},
        {"fitValue":[{"value":{"fpVal":120.71870422363281}}],"originDataSourceId":"raw:com.google.location.sample:com.google.android.gms:Compal:Fossil Sport:fd6b573b4a1f9906:live_location","endTimeNanos":1597324049899000000,"dataTypeName":"com.google.distance.delta","startTimeNanos":1597324018920000000,"modifiedTimeMillis":1597328771815,"rawTimestampNanos":0},
        {"fitValue":[{"value":{"fpVal":105.51815032958984}}],"originDataSourceId":"raw:com.google.location.sample:com.google.android.gms:Compal:Fossil Sport:fd6b573b4a1f9906:live_location","endTimeNanos":1597324078892000000,"dataTypeName":"com.google.distance.delta","startTimeNanos":1597324049899000000,"modifiedTimeMillis":1597328771815,"rawTimestampNanos":0},
        {"fitValue":[{"value":{"fpVal":109.49931335449219}}],"originDataSourceId":"raw:com.google.location.sample:com.google.android.gms:Compal:Fossil Sport:fd6b573b4a1f9906:live_location","endTimeNanos":1597324108394000000,"dataTypeName":"com.google.distance.delta","startTimeNanos":1597324078892000000,"modifiedTimeMillis":1597328771815,"rawTimestampNanos":0},
        {"fitValue":[{"value":{"fpVal":128.9441680908203}}],"originDataSourceId":"raw:com.google.location.sample:com.google.android.gms:Compal:Fossil Sport:fd6b573b4a1f9906:live_location","endTimeNanos":1597324139380000000,"dataTypeName":"com.google.distance.delta","startTimeNanos":1597324108394000000,"modifiedTimeMillis":1597328771815,"rawTimestampNanos":0},
        {"fitValue":[{"value":{"fpVal":171.2344512939453}}],"originDataSourceId":"raw:com.google.location.sample:com.google.android.gms:Compal:Fossil Sport:fd6b573b4a1f9906:live_location","endTimeNanos":1597324169861000000,"dataTypeName":"com.google.distance.delta","startTimeNanos":1597324139380000000,"modifiedTimeMillis":1597328771815,"rawTimestampNanos":0},
        {"fitValue":[{"value":{"fpVal":166.1126708984375}}],"originDataSourceId":"raw:com.google.location.sample:com.google.android.gms:Compal:Fossil Sport:fd6b573b4a1f9906:live_location","endTimeNanos":1597324199982000000,"dataTypeName":"com.google.distance.delta","startTimeNanos":1597324169861000000,"modifiedTimeMillis":1597328771815,"rawTimestampNanos":0},
        {"fitValue":[{"value":{"fpVal":138.95712280273438}}],"originDataSourceId":"raw:com.google.location.sample:com.google.android.gms:Compal:Fossil Sport:fd6b573b4a1f9906:live_location","endTimeNanos":1597324228412000000,"dataTypeName":"com.google.distance.delta","startTimeNanos":1597324199982000000,"modifiedTimeMillis":1597328771815,"rawTimestampNanos":0},
        {"fitValue":[{"value":{"fpVal":142.20367431640625}}],"originDataSourceId":"raw:com.google.location.sample:com.google.android.gms:Compal:Fossil Sport:fd6b573b4a1f9906:live_location","endTimeNanos":1597324259898000000,"dataTypeName":"com.google.distance.delta","startTimeNanos":1597324228412000000,"modifiedTimeMillis":1597328771815,"rawTimestampNanos":0},
        {"fitValue":[{"value":{"fpVal":9.71544075012207}}],"originDataSourceId":"raw:com.google.location.sample:com.google.android.gms:Compal:Fossil Sport:fd6b573b4a1f9906:live_location","endTimeNanos":1597324271888000000,"dataTypeName":"com.google.distance.delta","startTimeNanos":1597324259898000000,"modifiedTimeMillis":1597328771815,"rawTimestampNanos":0},
        {"fitValue":[{"value":{"fpVal":13.495661735534668}}],"originDataSourceId":"raw:com.google.location.sample:com.google.android.gms:Compal:Fossil Sport:fd6b573b4a1f9906:live_location","endTimeNanos":1597324315927000000,"dataTypeName":"com.google.distance.delta","startTimeNanos":1597324271888000000,"modifiedTimeMillis":1597328771815,"rawTimestampNanos":0},
        {"fitValue":[{"value":{"fpVal":120.21833038330078}}],"originDataSourceId":"raw:com.google.location.sample:com.google.android.gms:Compal:Fossil Sport:fd6b573b4a1f9906:live_location","endTimeNanos":1597324348616000000,"dataTypeName":"com.google.distance.delta","startTimeNanos":1597324315927000000,"modifiedTimeMillis":1597328771815,"rawTimestampNanos":0},
        {"fitValue":[{"value":{"fpVal":183.31521606445312}}],"originDataSourceId":"raw:com.google.location.sample:com.google.android.gms:Compal:Fossil Sport:fd6b573b4a1f9906:live_location","endTimeNanos":1597324379495000000,"dataTypeName":"com.google.distance.delta","startTimeNanos":1597324348616000000,"modifiedTimeMillis":1597328771815,"rawTimestampNanos":0},
        {"fitValue":[{"value":{"fpVal":59.90312576293945}}],"originDataSourceId":"raw:com.google.location.sample:com.google.android.gms:Compal:Fossil Sport:fd6b573b4a1f9906:live_location","endTimeNanos":1597324409975000000,"dataTypeName":"com.google.distance.delta","startTimeNanos":1597324379495000000,"modifiedTimeMillis":1597328771815,"rawTimestampNanos":0},
        {"fitValue":[{"value":{"fpVal":103.46623229980469}}],"originDataSourceId":"raw:com.google.location.sample:com.google.android.gms:Compal:Fossil Sport:fd6b573b4a1f9906:live_location","endTimeNanos":1597324438111000000,"dataTypeName":"com.google.distance.delta","startTimeNanos":1597324409975000000,"modifiedTimeMillis":1597328771815,"rawTimestampNanos":0},
        {"fitValue":[{"value":{"fpVal":113.82594299316406}}],"originDataSourceId":"raw:com.google.location.sample:com.google.android.gms:Compal:Fossil Sport:fd6b573b4a1f9906:live_location","endTimeNanos":1597324469491000000,"dataTypeName":"com.google.distance.delta","startTimeNanos":1597324438111000000,"modifiedTimeMillis":1597328771815,"rawTimestampNanos":0},
        {"fitValue":[{"value":{"fpVal":158.06959533691406}}],"originDataSourceId":"raw:com.google.location.sample:com.google.android.gms:Compal:Fossil Sport:fd6b573b4a1f9906:live_location","endTimeNanos":1597324499888000000,"dataTypeName":"com.google.distance.delta","startTimeNanos":1597324469491000000,"modifiedTimeMillis":1597328771815,"rawTimestampNanos":0},
        {"fitValue":[{"value":{"fpVal":121.05404663085938}}],"originDataSourceId":"raw:com.google.location.sample:com.google.android.gms:Compal:Fossil Sport:fd6b573b4a1f9906:live_location","endTimeNanos":1597324528893000000,"dataTypeName":"com.google.distance.delta","startTimeNanos":1597324499888000000,"modifiedTimeMillis":1597328771815,"rawTimestampNanos":0},
        {"fitValue":[{"value":{"fpVal":44.1289176940918}}],"originDataSourceId":"raw:com.google.location.sample:com.google.android.gms:Compal:Fossil Sport:fd6b573b4a1f9906:live_location","endTimeNanos":1597324553466000000,"dataTypeName":"com.google.distance.delta","startTimeNanos":1597324528893000000,"modifiedTimeMillis":1597328771815,"rawTimestampNanos":0},
        {"fitValue":[{"value":{"fpVal":44.76519012451172}}],"originDataSourceId":"raw:com.google.location.sample:com.google.android.gms:Compal:Fossil Sport:fd6b573b4a1f9906:live_location","endTimeNanos":1597324589414000000,"dataTypeName":"com.google.distance.delta","startTimeNanos":1597324553466000000,"modifiedTimeMillis":1597328771815,"rawTimestampNanos":0},
        {"fitValue":[{"value":{"fpVal":157.33416748046875}}],"originDataSourceId":"raw:com.google.location.sample:com.google.android.gms:Compal:Fossil Sport:fd6b573b4a1f9906:live_location","endTimeNanos":1597324619921000000,"dataTypeName":"com.google.distance.delta","startTimeNanos":1597324589414000000,"modifiedTimeMillis":1597328771815,"rawTimestampNanos":0},
        {"fitValue":[{"value":{"fpVal":155.82574462890625}}],"originDataSourceId":"raw:com.google.location.sample:com.google.android.gms:Compal:Fossil Sport:fd6b573b4a1f9906:live_location","endTimeNanos":1597324649960000000,"dataTypeName":"com.google.distance.delta","startTimeNanos":1597324619921000000,"modifiedTimeMillis":1597328771815,"rawTimestampNanos":0},
        {"fitValue":[{"value":{"fpVal":147.309326171875}}],"originDataSourceId":"raw:com.google.location.sample:com.google.android.gms:Compal:Fossil Sport:fd6b573b4a1f9906:live_location","endTimeNanos":1597324679394000000,"dataTypeName":"com.google.distance.delta","startTimeNanos":1597324649960000000,"modifiedTimeMillis":1597328771815,"rawTimestampNanos":0},
        {"fitValue":[{"value":{"fpVal":135.1862030029297}}],"originDataSourceId":"raw:com.google.location.sample:com.google.android.gms:Compal:Fossil Sport:fd6b573b4a1f9906:live_location","endTimeNanos":1597324708893000000,"dataTypeName":"com.google.distance.delta","startTimeNanos":1597324679394000000,"modifiedTimeMillis":1597328771815,"rawTimestampNanos":0},
        {"fitValue":[{"value":{"fpVal":169.7050018310547}}],"originDataSourceId":"raw:com.google.location.sample:com.google.android.gms:Compal:Fossil Sport:fd6b573b4a1f9906:live_location","endTimeNanos":1597324738038000000,"dataTypeName":"com.google.distance.delta","startTimeNanos":1597324708893000000,"modifiedTimeMillis":1597328771815,"rawTimestampNanos":0},
        {"fitValue":[{"value":{"fpVal":26.906354904174805}}],"originDataSourceId":"raw:com.google.location.sample:com.google.android.gms:Compal:Fossil Sport:fd6b573b4a1f9906:live_location","endTimeNanos":1597324753457000000,"dataTypeName":"com.google.distance.delta","startTimeNanos":1597324738038000000,"modifiedTimeMillis":1597328771815,"rawTimestampNanos":0},
        {"fitValue":[{"value":{"fpVal":109.49429321289062}}],"originDataSourceId":"raw:com.google.location.sample:com.google.android.gms:Compal:Fossil Sport:fd6b573b4a1f9906:live_location","endTimeNanos":1597324798493000000,"dataTypeName":"com.google.distance.delta","startTimeNanos":1597324753457000000,"modifiedTimeMillis":1597328771815,"rawTimestampNanos":0},
        {"fitValue":[{"value":{"fpVal":147.50360107421875}}],"originDataSourceId":"raw:com.google.location.sample:com.google.android.gms:Compal:Fossil Sport:fd6b573b4a1f9906:live_location","endTimeNanos":1597324828405000000,"dataTypeName":"com.google.distance.delta","startTimeNanos":1597324798493000000,"modifiedTimeMillis":1597328771815,"rawTimestampNanos":0},
        {"fitValue":[{"value":{"fpVal":129.6256866455078}}],"originDataSourceId":"raw:com.google.location.sample:com.google.android.gms:Compal:Fossil Sport:fd6b573b4a1f9906:live_location","endTimeNanos":1597324859894000000,"dataTypeName":"com.google.distance.delta","startTimeNanos":1597324828405000000,"modifiedTimeMillis":1597328771815,"rawTimestampNanos":0},
        {"fitValue":[{"value":{"fpVal":140.39073181152344}}],"originDataSourceId":"raw:com.google.location.sample:com.google.android.gms:Compal:Fossil Sport:fd6b573b4a1f9906:live_location","endTimeNanos":1597324889906000000,"dataTypeName":"com.google.distance.delta","startTimeNanos":1597324859894000000,"modifiedTimeMillis":1597328771815,"rawTimestampNanos":0},
        {"fitValue":[{"value":{"fpVal":103.07645416259766}}],"originDataSourceId":"raw:com.google.location.sample:com.google.android.gms:Compal:Fossil Sport:fd6b573b4a1f9906:live_location","endTimeNanos":1597324918890000000,"dataTypeName":"com.google.distance.delta","startTimeNanos":1597324889906000000,"modifiedTimeMillis":1597328771815,"rawTimestampNanos":0},
        {"fitValue":[{"value":{"fpVal":88.42971801757812}}],"originDataSourceId":"raw:com.google.location.sample:com.google.android.gms:Compal:Fossil Sport:fd6b573b4a1f9906:live_location","endTimeNanos":1597324949995000000,"dataTypeName":"com.google.distance.delta","startTimeNanos":1597324918890000000,"modifiedTimeMillis":1597328771815,"rawTimestampNanos":0},
        {"fitValue":[{"value":{"fpVal":9.587897300720215}}],"originDataSourceId":"raw:com.google.location.sample:com.google.android.gms:Compal:Fossil Sport:fd6b573b4a1f9906:live_location","endTimeNanos":1597324978956000000,"dataTypeName":"com.google.distance.delta","startTimeNanos":1597324949995000000,"modifiedTimeMillis":1597328771815,"rawTimestampNanos":0},
        {"fitValue":[{"value":{"fpVal":27.93140411376953}}],"originDataSourceId":"raw:com.google.location.sample:com.google.android.gms:Compal:Fossil Sport:fd6b573b4a1f9906:live_location","endTimeNanos":1597325008395000000,"dataTypeName":"com.google.distance.delta","startTimeNanos":1597324978956000000,"modifiedTimeMillis":1597328771815,"rawTimestampNanos":0},
        {"fitValue":[{"value":{"fpVal":120.32332611083984}}],"originDataSourceId":"raw:com.google.location.sample:com.google.android.gms:Compal:Fossil Sport:fd6b573b4a1f9906:live_location","endTimeNanos":1597325038377000000,"dataTypeName":"com.google.distance.delta","startTimeNanos":1597325008395000000,"modifiedTimeMillis":1597328771815,"rawTimestampNanos":0},
        {"fitValue":[{"value":{"fpVal":123.38826751708984}}],"originDataSourceId":"raw:com.google.location.sample:com.google.android.gms:Compal:Fossil Sport:fd6b573b4a1f9906:live_location","endTimeNanos":1597325068394000000,"dataTypeName":"com.google.distance.delta","startTimeNanos":1597325038377000000,"modifiedTimeMillis":1597328771815,"rawTimestampNanos":0},
        {"fitValue":[{"value":{"fpVal":79.23355865478516}}],"originDataSourceId":"raw:com.google.location.sample:com.google.android.gms:Compal:Fossil Sport:fd6b573b4a1f9906:live_location","endTimeNanos":1597325098899000000,"dataTypeName":"com.google.distance.delta","startTimeNanos":1597325068394000000,"modifiedTimeMillis":1597328771815,"rawTimestampNanos":0},
        {"fitValue":[{"value":{"fpVal":106.67010498046875}}],"originDataSourceId":"raw:com.google.location.sample:com.google.android.gms:Compal:Fossil Sport:fd6b573b4a1f9906:live_location","endTimeNanos":1597325128883000000,"dataTypeName":"com.google.distance.delta","startTimeNanos":1597325098899000000,"modifiedTimeMillis":1597328771815,"rawTimestampNanos":0},
        {"fitValue":[{"value":{"fpVal":102.19607543945312}}],"originDataSourceId":"raw:com.google.location.sample:com.google.android.gms:Compal:Fossil Sport:fd6b573b4a1f9906:live_location","endTimeNanos":1597325158890000000,"dataTypeName":"com.google.distance.delta","startTimeNanos":1597325128883000000,"modifiedTimeMillis":1597328771815,"rawTimestampNanos":0},
        {"fitValue":[{"value":{"fpVal":104.84707641601562}}],"originDataSourceId":"raw:com.google.location.sample:com.google.android.gms:Compal:Fossil Sport:fd6b573b4a1f9906:live_location","endTimeNanos":1597325188879000000,"dataTypeName":"com.google.distance.delta","startTimeNanos":1597325158890000000,"modifiedTimeMillis":1597328771815,"rawTimestampNanos":0},
        {"fitValue":[{"value":{"fpVal":109.15178680419922}}],"originDataSourceId":"raw:com.google.location.sample:com.google.android.gms:Compal:Fossil Sport:fd6b573b4a1f9906:live_location","endTimeNanos":1597325219158000000,"dataTypeName":"com.google.distance.delta","startTimeNanos":1597325188879000000,"modifiedTimeMillis":1597328771815,"rawTimestampNanos":0},
        {"fitValue":[{"value":{"fpVal":91.24879455566406}}],"originDataSourceId":"raw:com.google.location.sample:com.google.android.gms:Compal:Fossil Sport:fd6b573b4a1f9906:live_location","endTimeNanos":1597325248422000000,"dataTypeName":"com.google.distance.delta","startTimeNanos":1597325219158000000,"modifiedTimeMillis":1597328771815,"rawTimestampNanos":0},
        {"fitValue":[{"value":{"fpVal":121.8908920288086}}],"originDataSourceId":"raw:com.google.location.sample:com.google.android.gms:Compal:Fossil Sport:fd6b573b4a1f9906:live_location","endTimeNanos":1597325278903000000,"dataTypeName":"com.google.distance.delta","startTimeNanos":1597325248422000000,"modifiedTimeMillis":1597328771815,"rawTimestampNanos":0},
        {"fitValue":[{"value":{"fpVal":113.70965576171875}}],"originDataSourceId":"raw:com.google.location.sample:com.google.android.gms:Compal:Fossil Sport:fd6b573b4a1f9906:live_location","endTimeNanos":1597325309390000000,"dataTypeName":"com.google.distance.delta","startTimeNanos":1597325278903000000,"modifiedTimeMillis":1597328771815,"rawTimestampNanos":0},
        {"fitValue":[{"value":{"fpVal":102.1379165649414}}],"originDataSourceId":"raw:com.google.location.sample:com.google.android.gms:Compal:Fossil Sport:fd6b573b4a1f9906:live_location","endTimeNanos":1597325338918000000,"dataTypeName":"com.google.distance.delta","startTimeNanos":1597325309390000000,"modifiedTimeMillis":1597328771815,"rawTimestampNanos":0},
        {"fitValue":[{"value":{"fpVal":134.78477478027344}}],"originDataSourceId":"raw:com.google.location.sample:com.google.android.gms:Compal:Fossil Sport:fd6b573b4a1f9906:live_location","endTimeNanos":1597325369397000000,"dataTypeName":"com.google.distance.delta","startTimeNanos":1597325338918000000,"modifiedTimeMillis":1597328771815,"rawTimestampNanos":0},
        {"fitValue":[{"value":{"fpVal":109.64581298828125}}],"originDataSourceId":"raw:com.google.location.sample:com.google.android.gms:Compal:Fossil Sport:fd6b573b4a1f9906:live_location","endTimeNanos":1597325398726000000,"dataTypeName":"com.google.distance.delta","startTimeNanos":1597325369397000000,"modifiedTimeMillis":1597328771815,"rawTimestampNanos":0},
        {"fitValue":[{"value":{"fpVal":132.36895751953125}}],"originDataSourceId":"raw:com.google.location.sample:com.google.android.gms:Compal:Fossil Sport:fd6b573b4a1f9906:live_location","endTimeNanos":1597325429402000000,"dataTypeName":"com.google.distance.delta","startTimeNanos":1597325398726000000,"modifiedTimeMillis":1597328771815,"rawTimestampNanos":0},
        {"fitValue":[{"value":{"fpVal":119.42461395263672}}],"originDataSourceId":"raw:com.google.location.sample:com.google.android.gms:Compal:Fossil Sport:fd6b573b4a1f9906:live_location","endTimeNanos":1597325459403000000,"dataTypeName":"com.google.distance.delta","startTimeNanos":1597325429402000000,"modifiedTimeMillis":1597328771815,"rawTimestampNanos":0},
        {"fitValue":[{"value":{"fpVal":84.93544006347656}}],"originDataSourceId":"raw:com.google.location.sample:com.google.android.gms:Compal:Fossil Sport:fd6b573b4a1f9906:live_location","endTimeNanos":1597325489389000000,"dataTypeName":"com.google.distance.delta","startTimeNanos":1597325459403000000,"modifiedTimeMillis":1597328771815,"rawTimestampNanos":0},
        {"fitValue":[{"value":{"fpVal":96.50928497314453}}],"originDataSourceId":"raw:com.google.location.sample:com.google.android.gms:Compal:Fossil Sport:fd6b573b4a1f9906:live_location","endTimeNanos":1597325519907000000,"dataTypeName":"com.google.distance.delta","startTimeNanos":1597325489389000000,"modifiedTimeMillis":1597328771815,"rawTimestampNanos":0},
        {"fitValue":[{"value":{"fpVal":92.37818145751953}}],"originDataSourceId":"raw:com.google.location.sample:com.google.android.gms:Compal:Fossil Sport:fd6b573b4a1f9906:live_location","endTimeNanos":1597325548415000000,"dataTypeName":"com.google.distance.delta","startTimeNanos":1597325519907000000,"modifiedTimeMillis":1597328771815,"rawTimestampNanos":0},
        {"fitValue":[{"value":{"fpVal":83.46379089355469}}],"originDataSourceId":"raw:com.google.location.sample:com.google.android.gms:Compal:Fossil Sport:fd6b573b4a1f9906:live_location","endTimeNanos":1597325579981000000,"dataTypeName":"com.google.distance.delta","startTimeNanos":1597325548415000000,"modifiedTimeMillis":1597328771815,"rawTimestampNanos":0},
        {"fitValue":[{"value":{"fpVal":96.99429321289062}}],"originDataSourceId":"raw:com.google.location.sample:com.google.android.gms:Compal:Fossil Sport:fd6b573b4a1f9906:live_location","endTimeNanos":1597325609894000000,"dataTypeName":"com.google.distance.delta","startTimeNanos":1597325579981000000,"modifiedTimeMillis":1597328771815,"rawTimestampNanos":0},
        {"fitValue":[{"value":{"fpVal":121.23878479003906}}],"originDataSourceId":"raw:com.google.location.sample:com.google.android.gms:Compal:Fossil Sport:fd6b573b4a1f9906:live_location","endTimeNanos":1597325639133000000,"dataTypeName":"com.google.distance.delta","startTimeNanos":1597325609894000000,"modifiedTimeMillis":1597328771815,"rawTimestampNanos":0},
        {"fitValue":[{"value":{"fpVal":93.62118530273438}}],"originDataSourceId":"raw:com.google.location.sample:com.google.android.gms:Compal:Fossil Sport:fd6b573b4a1f9906:live_location","endTimeNanos":1597325668428000000,"dataTypeName":"com.google.distance.delta","startTimeNanos":1597325639133000000,"modifiedTimeMillis":1597328771815,"rawTimestampNanos":0},
        {"fitValue":[{"value":{"fpVal":86.83363342285156}}],"originDataSourceId":"raw:com.google.location.sample:com.google.android.gms:Compal:Fossil Sport:fd6b573b4a1f9906:live_location","endTimeNanos":1597325699902000000,"dataTypeName":"com.google.distance.delta","startTimeNanos":1597325668428000000,"modifiedTimeMillis":1597328771815,"rawTimestampNanos":0},
        {"fitValue":[{"value":{"fpVal":100.08260345458984}}],"originDataSourceId":"raw:com.google.location.sample:com.google.android.gms:Compal:Fossil Sport:fd6b573b4a1f9906:live_location","endTimeNanos":1597325728895000000,"dataTypeName":"com.google.distance.delta","startTimeNanos":1597325699902000000,"modifiedTimeMillis":1597328771815,"rawTimestampNanos":0},
        {"fitValue":[{"value":{"fpVal":103.79686737060547}}],"originDataSourceId":"raw:com.google.location.sample:com.google.android.gms:Compal:Fossil Sport:fd6b573b4a1f9906:live_location","endTimeNanos":1597325758533000000,"dataTypeName":"com.google.distance.delta","startTimeNanos":1597325728895000000,"modifiedTimeMillis":1597328771815,"rawTimestampNanos":0},
        {"fitValue":[{"value":{"fpVal":108.80905151367188}}],"originDataSourceId":"raw:com.google.location.sample:com.google.android.gms:Compal:Fossil Sport:fd6b573b4a1f9906:live_location","endTimeNanos":1597325788959000000,"dataTypeName":"com.google.distance.delta","startTimeNanos":1597325758533000000,"modifiedTimeMillis":1597328771815,"rawTimestampNanos":0},
        {"fitValue":[{"value":{"fpVal":123.58560943603516}}],"originDataSourceId":"raw:com.google.location.sample:com.google.android.gms:Compal:Fossil Sport:fd6b573b4a1f9906:live_location","endTimeNanos":1597325818911000000,"dataTypeName":"com.google.distance.delta","startTimeNanos":1597325788959000000,"modifiedTimeMillis":1597328771815,"rawTimestampNanos":0},
        {"fitValue":[{"value":{"fpVal":124.8177490234375}}],"originDataSourceId":"raw:com.google.location.sample:com.google.android.gms:Compal:Fossil Sport:fd6b573b4a1f9906:live_location","endTimeNanos":1597325849069000000,"dataTypeName":"com.google.distance.delta","startTimeNanos":1597325818911000000,"modifiedTimeMillis":1597328771815,"rawTimestampNanos":0},
        {"fitValue":[{"value":{"fpVal":115.11065673828125}}],"originDataSourceId":"raw:com.google.location.sample:com.google.android.gms:Compal:Fossil Sport:fd6b573b4a1f9906:live_location","endTimeNanos":1597325879963000000,"dataTypeName":"com.google.distance.delta","startTimeNanos":1597325849069000000,"modifiedTimeMillis":1597328771815,"rawTimestampNanos":0},
        {"fitValue":[{"value":{"fpVal":81.96005249023438}}],"originDataSourceId":"raw:com.google.location.sample:com.google.android.gms:Compal:Fossil Sport:fd6b573b4a1f9906:live_location","endTimeNanos":1597325906397000000,"dataTypeName":"com.google.distance.delta","startTimeNanos":1597325879963000000,"modifiedTimeMillis":1597328771815,"rawTimestampNanos":0},
        {"fitValue":[{"value":{"fpVal":25.545862197875977}}],"originDataSourceId":"raw:com.google.location.sample:com.google.android.gms:Compal:Fossil Sport:fd6b573b4a1f9906:live_location","endTimeNanos":1597325931401000000,"dataTypeName":"com.google.distance.delta","startTimeNanos":1597325906397000000,"modifiedTimeMillis":1597328771815,"rawTimestampNanos":0},
        {"fitValue":[{"value":{"fpVal":49.80457305908203}}],"originDataSourceId":"raw:com.google.location.sample:com.google.android.gms:Compal:Fossil Sport:fd6b573b4a1f9906:live_location","endTimeNanos":1597325967203000000,"dataTypeName":"com.google.distance.delta","startTimeNanos":1597325931401000000,"modifiedTimeMillis":1597328771815,"rawTimestampNanos":0},
        {"fitValue":[{"value":{"fpVal":8.623804092407227}}],"originDataSourceId":"raw:com.google.location.sample:com.google.android.gms:Compal:Fossil Sport:fd6b573b4a1f9906:live_location","endTimeNanos":1597325975839000000,"dataTypeName":"com.google.distance.delta","startTimeNanos":1597325967203000000,"modifiedTimeMillis":1597328771815,"rawTimestampNanos":0}
    ]
}