{
    "Data Source": "derived:com.google.internal.goal:com.google.android.apps.fitness:com_google_activity_segment.segment.week..running.jogging.sample",
    "Data Points": [
        {"fitValue":[{"blob":{"internalGoal":{"filter":[{"fieldName":"activity","value":{"intVal":56},"operator":"EQ"}],"endTimeNanos":9223372036854000000,"dataTypeName":"com.google.activity.segment","recurInterval":{"unit":"WEEK","count":1},"startTimeNanos":1495553764681000000,"segmentObjective":{"frequency":3}}}}],"originDataSourceId":"","endTimeNanos":1495553764681000000,"dataTypeName":"com.google.internal.goal","startTimeNanos":1495553764681000000,"modifiedTimeMillis":1495553764738,"rawTimestampNanos":0},
        {"fitValue":[{"blob":{"internalGoal":{"filter":[{"fieldName":"activity","value":{"intVal":56},"operator":"EQ"}],"endTimeNanos":9223372036854000000,"dataTypeName":"com.google.activity.segment","recurInterval":{"unit":"WEEK","count":1},"startTimeNanos":1495553764681000000,"segmentObjective":{"frequency":3}}}}],"originDataSourceId":"","endTimeNanos":1577695713069000000,"dataTypeName":"com.google.internal.goal","startTimeNanos":1577695713069000000,"modifiedTimeMillis":1577699342121,"rawTimestampNanos":0}
    ]
}