{
    "Data Source": "derived:com.google.distance.delta:com.google.android.gms:Xiaomi:Redmi Note 4:c498577325de9210:from_activity\u003c-raw:com.google.location.sample:com.google.android.gms:Xiaomi:Redmi Note 4:c498577325de9210:live_location",
    "Data Points": [
        {"fitValue":[{"value":{"fpVal":3.5224218368530273}}],"originDataSourceId":"raw:com.google.location.sample:com.google.android.gms:Xiaomi:Redmi Note 4:c498577325de9210:live_location","endTimeNanos":1495553304208000000,"dataTypeName":"com.google.distance.delta","startTimeNanos":1495553298506000000,"modifiedTimeMillis":1495553771985,"rawTimestampNanos":0},
        {"fitValue":[{"value":{"fpVal":9.855876922607422}}],"originDataSourceId":"raw:com.google.location.sample:com.google.android.gms:Xiaomi:Redmi Note 4:c498577325de9210:live_location","endTimeNanos":1495640865134000000,"dataTypeName":"com.google.distance.delta","startTimeNanos":1495640832248000000,"modifiedTimeMillis":1495647091621,"rawTimestampNanos":0},
        {"fitValue":[{"value":{"fpVal":16.028884887695312}}],"originDataSourceId":"raw:com.google.location.sample:com.google.android.gms:Xiaomi:Redmi Note 4:c498577325de9210:live_location","endTimeNanos":1495713673611000000,"dataTypeName":"com.google.distance.delta","startTimeNanos":1495713612692000000,"modifiedTimeMillis":1495715121162,"rawTimestampNanos":0},
        {"fitValue":[{"value":{"fpVal":0.8018383979797363}}],"originDataSourceId":"raw:com.google.location.sample:com.google.android.gms:Xiaomi:Redmi Note 4:c498577325de9210:live_location","endTimeNanos":1495962216000000000,"dataTypeName":"com.google.distance.delta","startTimeNanos":1495962205689000000,"modifiedTimeMillis":1495966390643,"rawTimestampNanos":0},
        {"fitValue":[{"value":{"fpVal":43.62270736694336}}],"originDataSourceId":"raw:com.google.location.sample:com.google.android.gms:Xiaomi:Redmi Note 4:c498577325de9210:live_location","endTimeNanos":1495962285079000000,"dataTypeName":"com.google.distance.delta","startTimeNanos":1495962216000000000,"modifiedTimeMillis":1495966390643,"rawTimestampNanos":0},
        {"fitValue":[{"value":{"fpVal":35.17183303833008}}],"originDataSourceId":"raw:com.google.location.sample:com.google.android.gms:Xiaomi:Redmi Note 4:c498577325de9210:live_location","endTimeNanos":1495962340058000000,"dataTypeName":"com.google.distance.delta","startTimeNanos":1495962285079000000,"modifiedTimeMillis":1495966390643,"rawTimestampNanos":0},
        {"fitValue":[{"value":{"fpVal":29.579166412353516}}],"originDataSourceId":"raw:com.google.location.sample:com.google.android.gms:Xiaomi:Redmi Note 4:c498577325de9210:live_location","endTimeNanos":1495962375282000000,"dataTypeName":"com.google.distance.delta","startTimeNanos":1495962340058000000,"modifiedTimeMillis":1495966390643,"rawTimestampNanos":0},
        {"fitValue":[{"value":{"fpVal":76.40686798095703}}],"originDataSourceId":"raw:com.google.location.sample:com.google.android.gms:Xiaomi:Redmi Note 4:c498577325de9210:live_location","endTimeNanos":1495979516534000000,"dataTypeName":"com.google.distance.delta","startTimeNanos":1495979485985000000,"modifiedTimeMillis":1495983505236,"rawTimestampNanos":0},
        {"fitValue":[{"value":{"fpVal":4.675317287445068}}],"originDataSourceId":"raw:com.google.location.sample:com.google.android.gms:Xiaomi:Redmi Note 4:c498577325de9210:live_location","endTimeNanos":1496064685790000000,"dataTypeName":"com.google.distance.delta","startTimeNanos":1496064679577000000,"modifiedTimeMillis":1496071858738,"rawTimestampNanos":0},
        {"fitValue":[{"value":{"fpVal":150.44317626953125}}],"originDataSourceId":"raw:com.google.location.sample:com.google.android.gms:Xiaomi:Redmi Note 4:c498577325de9210:live_location","endTimeNanos":1496064885713000000,"dataTypeName":"com.google.distance.delta","startTimeNanos":1496064685790000000,"modifiedTimeMillis":1496071858738,"rawTimestampNanos":0},
        {"fitValue":[{"value":{"fpVal":60.82322692871094}}],"originDataSourceId":"raw:com.google.location.sample:com.google.android.gms:Xiaomi:Redmi Note 4:c498577325de9210:live_location","endTimeNanos":1496065085104000000,"dataTypeName":"com.google.distance.delta","startTimeNanos":1496064987186000000,"modifiedTimeMillis":1496071858738,"rawTimestampNanos":0},
        {"fitValue":[{"value":{"fpVal":13.089049339294434}}],"originDataSourceId":"raw:com.google.location.sample:com.google.android.gms:Xiaomi:Redmi Note 4:c498577325de9210:live_location","endTimeNanos":1496065225995000000,"dataTypeName":"com.google.distance.delta","startTimeNanos":1496065195716000000,"modifiedTimeMillis":1496071858738,"rawTimestampNanos":0},
        {"fitValue":[{"value":{"fpVal":37.4489631652832}}],"originDataSourceId":"raw:com.google.location.sample:com.google.android.gms:Xiaomi:Redmi Note 4:c498577325de9210:live_location","endTimeNanos":1496066120456000000,"dataTypeName":"com.google.distance.delta","startTimeNanos":1496066059090000000,"modifiedTimeMillis":1496071858738,"rawTimestampNanos":0},
        {"fitValue":[{"value":{"fpVal":12.903521537780762}}],"originDataSourceId":"raw:com.google.location.sample:com.google.android.gms:Xiaomi:Redmi Note 4:c498577325de9210:live_location","endTimeNanos":1496066152264000000,"dataTypeName":"com.google.distance.delta","startTimeNanos":1496066120456000000,"modifiedTimeMillis":1496080378937,"rawTimestampNanos":0},
        {"fitValue":[{"value":{"fpVal":39.86373519897461}}],"originDataSourceId":"raw:com.google.location.sample:com.google.android.gms:Xiaomi:Redmi Note 4:c498577325de9210:live_location","endTimeNanos":1496071696582000000,"dataTypeName":"com.google.distance.delta","startTimeNanos":1496071651000000000,"modifiedTimeMillis":1496071858738,"rawTimestampNanos":0},
        {"fitValue":[{"value":{"fpVal":9.855876922607422}}],"originDataSourceId":"raw:com.google.location.sample:com.google.android.gms:Xiaomi:Redmi Note 4:c498577325de9210:live_location","endTimeNanos":1496233866259000000,"dataTypeName":"com.google.distance.delta","startTimeNanos":1496233854232000000,"modifiedTimeMillis":1496235508453,"rawTimestampNanos":0},
        {"fitValue":[{"value":{"fpVal":26.34424591064453}}],"originDataSourceId":"raw:com.google.location.sample:com.google.android.gms:Xiaomi:Redmi Note 4:c498577325de9210:live_location","endTimeNanos":1496233982099000000,"dataTypeName":"com.google.distance.delta","startTimeNanos":1496233866259000000,"modifiedTimeMillis":1496235508453,"rawTimestampNanos":0},
        {"fitValue":[{"value":{"fpVal":28.11568832397461}}],"originDataSourceId":"raw:com.google.location.sample:com.google.android.gms:Xiaomi:Redmi Note 4:c498577325de9210:live_location","endTimeNanos":1496311729322000000,"dataTypeName":"com.google.distance.delta","startTimeNanos":1496311669273000000,"modifiedTimeMillis":1496318311466,"rawTimestampNanos":0},
        {"fitValue":[{"value":{"fpVal":49.53473663330078}}],"originDataSourceId":"raw:com.google.location.sample:com.google.android.gms:Xiaomi:Redmi Note 4:c498577325de9210:live_location","endTimeNanos":1496326794385000000,"dataTypeName":"com.google.distance.delta","startTimeNanos":1496326731899000000,"modifiedTimeMillis":1496329108661,"rawTimestampNanos":0},
        {"fitValue":[{"value":{"fpVal":49.06742858886719}}],"originDataSourceId":"raw:com.google.location.sample:com.google.android.gms:Xiaomi:Redmi Note 4:c498577325de9210:live_location","endTimeNanos":1496326856129000000,"dataTypeName":"com.google.distance.delta","startTimeNanos":1496326794385000000,"modifiedTimeMillis":1496329108661,"rawTimestampNanos":0},
        {"fitValue":[{"value":{"fpVal":22.34853744506836}}],"originDataSourceId":"raw:com.google.location.sample:com.google.android.gms:Xiaomi:Redmi Note 4:c498577325de9210:live_location","endTimeNanos":1496326916917000000,"dataTypeName":"com.google.distance.delta","startTimeNanos":1496326856129000000,"modifiedTimeMillis":1496329108661,"rawTimestampNanos":0},
        {"fitValue":[{"value":{"fpVal":21.459453582763672}}],"originDataSourceId":"raw:com.google.location.sample:com.google.android.gms:Xiaomi:Redmi Note 4:c498577325de9210:live_location","endTimeNanos":1496326982995000000,"dataTypeName":"com.google.distance.delta","startTimeNanos":1496326916917000000,"modifiedTimeMillis":1496329108661,"rawTimestampNanos":0},
        {"fitValue":[{"value":{"fpVal":249.89463806152344}}],"originDataSourceId":"raw:com.google.location.sample:com.google.android.gms:Xiaomi:Redmi Note 4:c498577325de9210:live_location","endTimeNanos":1496327907000000000,"dataTypeName":"com.google.distance.delta","startTimeNanos":1496327849000000000,"modifiedTimeMillis":1496329108661,"rawTimestampNanos":0},
        {"fitValue":[{"value":{"fpVal":256.4734802246094}}],"originDataSourceId":"raw:com.google.location.sample:com.google.android.gms:Xiaomi:Redmi Note 4:c498577325de9210:live_location","endTimeNanos":1496327966000000000,"dataTypeName":"com.google.distance.delta","startTimeNanos":1496327907000000000,"modifiedTimeMillis":1496329108661,"rawTimestampNanos":0},
        {"fitValue":[{"value":{"fpVal":155.4693603515625}}],"originDataSourceId":"raw:com.google.location.sample:com.google.android.gms:Xiaomi:Redmi Note 4:c498577325de9210:live_location","endTimeNanos":1496328028644000000,"dataTypeName":"com.google.distance.delta","startTimeNanos":1496327966000000000,"modifiedTimeMillis":1496329108661,"rawTimestampNanos":0},
        {"fitValue":[{"value":{"fpVal":47.10319519042969}}],"originDataSourceId":"raw:com.google.location.sample:com.google.android.gms:Xiaomi:Redmi Note 4:c498577325de9210:live_location","endTimeNanos":1496328034272000000,"dataTypeName":"com.google.distance.delta","startTimeNanos":1496328028644000000,"modifiedTimeMillis":1496329108661,"rawTimestampNanos":0},
        {"fitValue":[{"value":{"fpVal":98.71253967285156}}],"originDataSourceId":"raw:com.google.location.sample:com.google.android.gms:Xiaomi:Redmi Note 4:c498577325de9210:live_location","endTimeNanos":1496328096439000000,"dataTypeName":"com.google.distance.delta","startTimeNanos":1496328034272000000,"modifiedTimeMillis":1496329108661,"rawTimestampNanos":0},
        {"fitValue":[{"value":{"fpVal":11.98987865447998}}],"originDataSourceId":"raw:com.google.location.sample:com.google.android.gms:Xiaomi:Redmi Note 4:c498577325de9210:live_location","endTimeNanos":1496328158774000000,"dataTypeName":"com.google.distance.delta","startTimeNanos":1496328096439000000,"modifiedTimeMillis":1496329108661,"rawTimestampNanos":0},
        {"fitValue":[{"value":{"fpVal":284.1221008300781}}],"originDataSourceId":"raw:com.google.location.sample:com.google.android.gms:Xiaomi:Redmi Note 4:c498577325de9210:live_location","endTimeNanos":1496328284000000000,"dataTypeName":"com.google.distance.delta","startTimeNanos":1496328158774000000,"modifiedTimeMillis":1496329108661,"rawTimestampNanos":0},
        {"fitValue":[{"value":{"fpVal":279.6726989746094}}],"originDataSourceId":"raw:com.google.location.sample:com.google.android.gms:Xiaomi:Redmi Note 4:c498577325de9210:live_location","endTimeNanos":1496328344625000000,"dataTypeName":"com.google.distance.delta","startTimeNanos":1496328284000000000,"modifiedTimeMillis":1496329108661,"rawTimestampNanos":0},
        {"fitValue":[{"value":{"fpVal":43.98828125}}],"originDataSourceId":"raw:com.google.location.sample:com.google.android.gms:Xiaomi:Redmi Note 4:c498577325de9210:live_location","endTimeNanos":1496328464027000000,"dataTypeName":"com.google.distance.delta","startTimeNanos":1496328344625000000,"modifiedTimeMillis":1496329108661,"rawTimestampNanos":0},
        {"fitValue":[{"value":{"fpVal":9.926803588867188}}],"originDataSourceId":"raw:com.google.location.sample:com.google.android.gms:Xiaomi:Redmi Note 4:c498577325de9210:live_location","endTimeNanos":1496328569786000000,"dataTypeName":"com.google.distance.delta","startTimeNanos":1496328464027000000,"modifiedTimeMillis":1496329108661,"rawTimestampNanos":0},
        {"fitValue":[{"value":{"fpVal":29.19051170349121}}],"originDataSourceId":"raw:com.google.location.sample:com.google.android.gms:Xiaomi:Redmi Note 4:c498577325de9210:live_location","endTimeNanos":1496328649631000000,"dataTypeName":"com.google.distance.delta","startTimeNanos":1496328569786000000,"modifiedTimeMillis":1496329108661,"rawTimestampNanos":0},
        {"fitValue":[{"value":{"fpVal":29.88357162475586}}],"originDataSourceId":"raw:com.google.location.sample:com.google.android.gms:Xiaomi:Redmi Note 4:c498577325de9210:live_location","endTimeNanos":1496328673691000000,"dataTypeName":"com.google.distance.delta","startTimeNanos":1496328649631000000,"modifiedTimeMillis":1496329108661,"rawTimestampNanos":0},
        {"fitValue":[{"value":{"fpVal":15.743310928344727}}],"originDataSourceId":"raw:com.google.location.sample:com.google.android.gms:Xiaomi:Redmi Note 4:c498577325de9210:live_location","endTimeNanos":1496472586269000000,"dataTypeName":"com.google.distance.delta","startTimeNanos":1496472537343000000,"modifiedTimeMillis":1496473107652,"rawTimestampNanos":0},
        {"fitValue":[{"value":{"fpVal":20.74475860595703}}],"originDataSourceId":"raw:com.google.location.sample:com.google.android.gms:Xiaomi:Redmi Note 4:c498577325de9210:live_location","endTimeNanos":1496478538488000000,"dataTypeName":"com.google.distance.delta","startTimeNanos":1496478478310000000,"modifiedTimeMillis":1496480289114,"rawTimestampNanos":0},
        {"fitValue":[{"value":{"fpVal":0.010354060679674149}}],"originDataSourceId":"raw:com.google.location.sample:com.google.android.gms:Xiaomi:Redmi Note 4:c498577325de9210:live_location","endTimeNanos":1496488437000000000,"dataTypeName":"com.google.distance.delta","startTimeNanos":1496488436662000000,"modifiedTimeMillis":1496491104911,"rawTimestampNanos":0},
        {"fitValue":[{"value":{"fpVal":65.83087158203125}}],"originDataSourceId":"raw:com.google.location.sample:com.google.android.gms:Xiaomi:Redmi Note 4:c498577325de9210:live_location","endTimeNanos":1496488539720000000,"dataTypeName":"com.google.distance.delta","startTimeNanos":1496488437000000000,"modifiedTimeMillis":1496491104911,"rawTimestampNanos":0},
        {"fitValue":[{"value":{"fpVal":47.23007583618164}}],"originDataSourceId":"raw:com.google.location.sample:com.google.android.gms:Xiaomi:Redmi Note 4:c498577325de9210:live_location","endTimeNanos":1496503919750000000,"dataTypeName":"com.google.distance.delta","startTimeNanos":1496503860516000000,"modifiedTimeMillis":1496505480038,"rawTimestampNanos":0},
        {"fitValue":[{"value":{"fpVal":5.753894805908203}}],"originDataSourceId":"raw:com.google.location.sample:com.google.android.gms:Xiaomi:Redmi Note 4:c498577325de9210:live_location","endTimeNanos":1496592685533000000,"dataTypeName":"com.google.distance.delta","startTimeNanos":1496592682703000000,"modifiedTimeMillis":1496657409681,"rawTimestampNanos":0},
        {"fitValue":[{"value":{"fpVal":5.753894805908203}}],"originDataSourceId":"raw:com.google.location.sample:com.google.android.gms:Xiaomi:Redmi Note 4:c498577325de9210:live_location","endTimeNanos":1496592714427000000,"dataTypeName":"com.google.distance.delta","startTimeNanos":1496592685533000000,"modifiedTimeMillis":1496657409681,"rawTimestampNanos":0}
    ]
}