{
    "Data Source": "derived:com.google.calories.expended:com.google.android.fit:samsung:SM-A505F:14cdfeadff18e29e:top_level",
    "Data Points": [
        {"fitValue":[{"value":{"fpVal":22.303905487060547}}],"originDataSourceId":"","endTimeNanos":1620218894853000000,"dataTypeName":"com.google.calories.expended","startTimeNanos":1620217649179000000,"modifiedTimeMillis":1620221075783,"rawTimestampNanos":0},
        {"fitValue":[{"value":{"fpVal":3.730372190475464}}],"originDataSourceId":"","endTimeNanos":1620310390920000000,"dataTypeName":"com.google.calories.expended","startTimeNanos":1620310340433760235,"modifiedTimeMillis":1620312743601,"rawTimestampNanos":0},
        {"fitValue":[{"value":{"fpVal":5.215446949005127}}],"originDataSourceId":"","endTimeNanos":1620310461505000000,"dataTypeName":"com.google.calories.expended","startTimeNanos":1620310390920000000,"modifiedTimeMillis":1620312743601,"rawTimestampNanos":0},
        {"fitValue":[{"value":{"fpVal":4.9619340896606445}}],"originDataSourceId":"","endTimeNanos":1620363144836000000,"dataTypeName":"com.google.calories.expended","startTimeNanos":1620363077682000000,"modifiedTimeMillis":1620374142463,"rawTimestampNanos":0},
        {"fitValue":[{"value":{"fpVal":120.75114440917969}}],"originDataSourceId":"","endTimeNanos":1620369888792000000,"dataTypeName":"com.google.calories.expended","startTimeNanos":1620363144836000000,"modifiedTimeMillis":1620374142463,"rawTimestampNanos":0},
        {"fitValue":[{"value":{"fpVal":50.741729736328125}}],"originDataSourceId":"","endTimeNanos":1620395479053000000,"dataTypeName":"com.google.calories.expended","startTimeNanos":1620394792322765234,"modifiedTimeMillis":1620396086375,"rawTimestampNanos":0},
        {"fitValue":[{"value":{"fpVal":4.077631950378418}}],"originDataSourceId":"","endTimeNanos":1620395534239000000,"dataTypeName":"com.google.calories.expended","startTimeNanos":1620395479053000000,"modifiedTimeMillis":1620396086375,"rawTimestampNanos":0},
        {"fitValue":[{"value":{"fpVal":48.1882209777832}}],"originDataSourceId":"","endTimeNanos":1620396186410448235,"dataTypeName":"com.google.calories.expended","startTimeNanos":1620395534239000000,"modifiedTimeMillis":1620399686930,"rawTimestampNanos":0},
        {"fitValue":[{"value":{"fpVal":34.43571853637695}}],"originDataSourceId":"","endTimeNanos":1620451663420000000,"dataTypeName":"com.google.calories.expended","startTimeNanos":1620449740184000000,"modifiedTimeMillis":1620452343144,"rawTimestampNanos":0},
        {"fitValue":[{"value":{"fpVal":52.279502868652344}}],"originDataSourceId":"","endTimeNanos":1620543621643000000,"dataTypeName":"com.google.calories.expended","startTimeNanos":1620540701831000000,"modifiedTimeMillis":1620544913469,"rawTimestampNanos":0},
        {"fitValue":[{"value":{"fpVal":3.0253067016601562}}],"originDataSourceId":"","endTimeNanos":1620584250368000000,"dataTypeName":"com.google.calories.expended","startTimeNanos":1620584209424000000,"modifiedTimeMillis":1620585112760,"rawTimestampNanos":0},
        {"fitValue":[{"value":{"fpVal":3.183650255203247}}],"originDataSourceId":"","endTimeNanos":1620635060355000000,"dataTypeName":"com.google.calories.expended","startTimeNanos":1620635017268000000,"modifiedTimeMillis":1620637754033,"rawTimestampNanos":0},
        {"fitValue":[{"value":{"fpVal":11.68985366821289}}],"originDataSourceId":"","endTimeNanos":1620656889458000000,"dataTypeName":"com.google.calories.expended","startTimeNanos":1620656809299000000,"modifiedTimeMillis":1620660202320,"rawTimestampNanos":0},
        {"fitValue":[{"value":{"fpVal":2.9305808544158936}}],"originDataSourceId":"","endTimeNanos":1620673635044000000,"dataTypeName":"com.google.calories.expended","startTimeNanos":1620673595382000000,"modifiedTimeMillis":1620673746749,"rawTimestampNanos":0},
        {"fitValue":[{"value":{"fpVal":3.9849016666412354}}],"originDataSourceId":"","endTimeNanos":1620674680695000000,"dataTypeName":"com.google.calories.expended","startTimeNanos":1620674626764000000,"modifiedTimeMillis":1620677351983,"rawTimestampNanos":0},
        {"fitValue":[{"value":{"fpVal":1.3236397504806519}}],"originDataSourceId":"","endTimeNanos":1620674698608922665,"dataTypeName":"com.google.calories.expended","startTimeNanos":1620674680695000000,"modifiedTimeMillis":1620677351983,"rawTimestampNanos":0},
        {"fitValue":[{"value":{"fpVal":5.0438032150268555}}],"originDataSourceId":"","endTimeNanos":1620805038659000000,"dataTypeName":"com.google.calories.expended","startTimeNanos":1620804970397000000,"modifiedTimeMillis":1620806362263,"rawTimestampNanos":0},
        {"fitValue":[{"value":{"fpVal":2.3286821842193604}}],"originDataSourceId":"","endTimeNanos":1620983287851000000,"dataTypeName":"com.google.calories.expended","startTimeNanos":1620983256335000000,"modifiedTimeMillis":1620986514905,"rawTimestampNanos":0},
        {"fitValue":[{"value":{"fpVal":2.6802287101745605}}],"originDataSourceId":"","endTimeNanos":1621065626688000000,"dataTypeName":"com.google.calories.expended","startTimeNanos":1621065590414225052,"modifiedTimeMillis":1621066578666,"rawTimestampNanos":0},
        {"fitValue":[{"value":{"fpVal":3.974926233291626}}],"originDataSourceId":"","endTimeNanos":1621065680484000000,"dataTypeName":"com.google.calories.expended","startTimeNanos":1621065626688000000,"modifiedTimeMillis":1621066578666,"rawTimestampNanos":0},
        {"fitValue":[{"value":{"fpVal":11.376340866088867}}],"originDataSourceId":"","endTimeNanos":1621066411567000000,"dataTypeName":"com.google.calories.expended","startTimeNanos":1621065776198000000,"modifiedTimeMillis":1621066578666,"rawTimestampNanos":0},
        {"fitValue":[{"value":{"fpVal":9.425931930541992}}],"originDataSourceId":"","endTimeNanos":1621066539136000000,"dataTypeName":"com.google.calories.expended","startTimeNanos":1621066411567000000,"modifiedTimeMillis":1621070180272,"rawTimestampNanos":0},
        {"fitValue":[{"value":{"fpVal":1.0579354763031006}}],"originDataSourceId":"","endTimeNanos":1621066553453925293,"dataTypeName":"com.google.calories.expended","startTimeNanos":1621066539136000000,"modifiedTimeMillis":1621070180272,"rawTimestampNanos":0},
        {"fitValue":[{"value":{"fpVal":2.0980639457702637}}],"originDataSourceId":"","endTimeNanos":1621350066909000000,"dataTypeName":"com.google.calories.expended","startTimeNanos":1621350038514147060,"modifiedTimeMillis":1621352605549,"rawTimestampNanos":0},
        {"fitValue":[{"value":{"fpVal":17.013212203979492}}],"originDataSourceId":"","endTimeNanos":1621350297163000000,"dataTypeName":"com.google.calories.expended","startTimeNanos":1621350066909000000,"modifiedTimeMillis":1621352605549,"rawTimestampNanos":0},
        {"fitValue":[{"value":{"fpVal":2.1036245822906494}}],"originDataSourceId":"","endTimeNanos":1621350325633107147,"dataTypeName":"com.google.calories.expended","startTimeNanos":1621350297163000000,"modifiedTimeMillis":1621352605549,"rawTimestampNanos":0},
        {"fitValue":[{"value":{"fpVal":3.3919434547424316}}],"originDataSourceId":"","endTimeNanos":1622294137440000000,"dataTypeName":"com.google.calories.expended","startTimeNanos":1622294091534000000,"modifiedTimeMillis":1622349703934,"rawTimestampNanos":0},
        {"fitValue":[{"value":{"fpVal":7.8201775550842285}}],"originDataSourceId":"","endTimeNanos":1622300594583000000,"dataTypeName":"com.google.calories.expended","startTimeNanos":1622300488746000000,"modifiedTimeMillis":1622349703934,"rawTimestampNanos":0},
        {"fitValue":[{"value":{"fpVal":1.1668611764907837}}],"originDataSourceId":"","endTimeNanos":1622300610375107313,"dataTypeName":"com.google.calories.expended","startTimeNanos":1622300594583000000,"modifiedTimeMillis":1622349703934,"rawTimestampNanos":0},
        {"fitValue":[{"value":{"fpVal":3.4936141967773438}}],"originDataSourceId":"","endTimeNanos":1622306865370000000,"dataTypeName":"com.google.calories.expended","startTimeNanos":1622306818088000000,"modifiedTimeMillis":1622349703934,"rawTimestampNanos":0},
        {"fitValue":[{"value":{"fpVal":10.805213928222656}}],"originDataSourceId":"","endTimeNanos":1622631209421000000,"dataTypeName":"com.google.calories.expended","startTimeNanos":1622631063185000000,"modifiedTimeMillis":1622631445420,"rawTimestampNanos":0},
        {"fitValue":[{"value":{"fpVal":3.5618135929107666}}],"originDataSourceId":"","endTimeNanos":1622631863594000000,"dataTypeName":"com.google.calories.expended","startTimeNanos":1622631815389000000,"modifiedTimeMillis":1622635630475,"rawTimestampNanos":0},
        {"fitValue":[{"value":{"fpVal":5.235322952270508}}],"originDataSourceId":"","endTimeNanos":1622659581864000000,"dataTypeName":"com.google.calories.expended","startTimeNanos":1622659511010000000,"modifiedTimeMillis":1622660933233,"rawTimestampNanos":0},
        {"fitValue":[{"value":{"fpVal":9.801360130310059}}],"originDataSourceId":"","endTimeNanos":1622789454696000000,"dataTypeName":"com.google.calories.expended","startTimeNanos":1622789322046000000,"modifiedTimeMillis":1622792067378,"rawTimestampNanos":0},
        {"fitValue":[{"value":{"fpVal":33.90091323852539}}],"originDataSourceId":"","endTimeNanos":1622885468389000000,"dataTypeName":"com.google.calories.expended","startTimeNanos":1622883575022000000,"modifiedTimeMillis":1622887614681,"rawTimestampNanos":0},
        {"fitValue":[{"value":{"fpVal":3.383593797683716}}],"originDataSourceId":"","endTimeNanos":1622992352568000000,"dataTypeName":"com.google.calories.expended","startTimeNanos":1622992306775000000,"modifiedTimeMillis":1623044897224,"rawTimestampNanos":0},
        {"fitValue":[{"value":{"fpVal":8.367029190063477}}],"originDataSourceId":"","endTimeNanos":1625247700184000000,"dataTypeName":"com.google.calories.expended","startTimeNanos":1625247586946000000,"modifiedTimeMillis":1625250755904,"rawTimestampNanos":0},
        {"fitValue":[{"value":{"fpVal":7.332363128662109}}],"originDataSourceId":"","endTimeNanos":1625248485234000000,"dataTypeName":"com.google.calories.expended","startTimeNanos":1625248385999000000,"modifiedTimeMillis":1625250755904,"rawTimestampNanos":0},
        {"fitValue":[{"value":{"fpVal":28.829885482788086}}],"originDataSourceId":"","endTimeNanos":1625286871789000000,"dataTypeName":"com.google.calories.expended","startTimeNanos":1625285261639000000,"modifiedTimeMillis":1625303559599,"rawTimestampNanos":0},
        {"fitValue":[{"value":{"fpVal":5.463122844696045}}],"originDataSourceId":"","endTimeNanos":1625287284648000000,"dataTypeName":"com.google.calories.expended","startTimeNanos":1625287210711000000,"modifiedTimeMillis":1625303559599,"rawTimestampNanos":0},
        {"fitValue":[{"value":{"fpVal":5.317044734954834}}],"originDataSourceId":"","endTimeNanos":1625287433679000000,"dataTypeName":"com.google.calories.expended","startTimeNanos":1625287361719000000,"modifiedTimeMillis":1625303559599,"rawTimestampNanos":0},
        {"fitValue":[{"value":{"fpVal":5.300714492797852}}],"originDataSourceId":"","endTimeNanos":1625288491764000000,"dataTypeName":"com.google.calories.expended","startTimeNanos":1625288420025000000,"modifiedTimeMillis":1625303559599,"rawTimestampNanos":0},
        {"fitValue":[{"value":{"fpVal":58.12867736816406}}],"originDataSourceId":"","endTimeNanos":1625294112450000000,"dataTypeName":"com.google.calories.expended","startTimeNanos":1625293325746000000,"modifiedTimeMillis":1625303559599,"rawTimestampNanos":0},
        {"fitValue":[{"value":{"fpVal":27.556859970092773}}],"originDataSourceId":"","endTimeNanos":1625306216639000000,"dataTypeName":"com.google.calories.expended","startTimeNanos":1625305843689000000,"modifiedTimeMillis":1625307146418,"rawTimestampNanos":0},
        {"fitValue":[{"value":{"fpVal":10.624408721923828}}],"originDataSourceId":"","endTimeNanos":1625306695328000000,"dataTypeName":"com.google.calories.expended","startTimeNanos":1625306551539000000,"modifiedTimeMillis":1625307146418,"rawTimestampNanos":0},
        {"fitValue":[{"value":{"fpVal":5.476940155029297}}],"originDataSourceId":"","endTimeNanos":1625306912072000000,"dataTypeName":"com.google.calories.expended","startTimeNanos":1625306837948000000,"modifiedTimeMillis":1625307146418,"rawTimestampNanos":0},
        {"fitValue":[{"value":{"fpVal":2.47869873046875}}],"originDataSourceId":"","endTimeNanos":1625367168035000000,"dataTypeName":"com.google.calories.expended","startTimeNanos":1625367134488698506,"modifiedTimeMillis":1625379724415,"rawTimestampNanos":0},
        {"fitValue":[{"value":{"fpVal":3.7732837200164795}}],"originDataSourceId":"","endTimeNanos":1625382770258000000,"dataTypeName":"com.google.calories.expended","startTimeNanos":1625382719191000000,"modifiedTimeMillis":1625383566805,"rawTimestampNanos":0},
        {"fitValue":[{"value":{"fpVal":2.317150831222534}}],"originDataSourceId":"","endTimeNanos":1625473463490000000,"dataTypeName":"com.google.calories.expended","startTimeNanos":1625473432130059401,"modifiedTimeMillis":1625481060917,"rawTimestampNanos":0},
        {"fitValue":[{"value":{"fpVal":3.11293888092041}}],"originDataSourceId":"","endTimeNanos":1625473505620000000,"dataTypeName":"com.google.calories.expended","startTimeNanos":1625473463490000000,"modifiedTimeMillis":1625481060917,"rawTimestampNanos":0},
        {"fitValue":[{"value":{"fpVal":14.332972526550293}}],"originDataSourceId":"","endTimeNanos":1625474463423000000,"dataTypeName":"com.google.calories.expended","startTimeNanos":1625473662926000000,"modifiedTimeMillis":1625481060917,"rawTimestampNanos":0},
        {"fitValue":[{"value":{"fpVal":2.9662327766418457}}],"originDataSourceId":"","endTimeNanos":1625478594756000000,"dataTypeName":"com.google.calories.expended","startTimeNanos":1625478554611491628,"modifiedTimeMillis":1625481060917,"rawTimestampNanos":0},
        {"fitValue":[{"value":{"fpVal":15.8088960647583}}],"originDataSourceId":"","endTimeNanos":1625478808711000000,"dataTypeName":"com.google.calories.expended","startTimeNanos":1625478594756000000,"modifiedTimeMillis":1625481060917,"rawTimestampNanos":0},
        {"fitValue":[{"value":{"fpVal":5.425721168518066}}],"originDataSourceId":"","endTimeNanos":1625478882141819806,"dataTypeName":"com.google.calories.expended","startTimeNanos":1625478808711000000,"modifiedTimeMillis":1625481060917,"rawTimestampNanos":0},
        {"fitValue":[{"value":{"fpVal":7.062963962554932}}],"originDataSourceId":"","endTimeNanos":1625507099957000000,"dataTypeName":"com.google.calories.expended","startTimeNanos":1625507004368000000,"modifiedTimeMillis":1625510662375,"rawTimestampNanos":0},
        {"fitValue":[{"value":{"fpVal":8.77253246307373}}],"originDataSourceId":"","endTimeNanos":1625550962730000000,"dataTypeName":"com.google.calories.expended","startTimeNanos":1625550844004000000,"modifiedTimeMillis":1625562160893,"rawTimestampNanos":0},
        {"fitValue":[{"value":{"fpVal":1.8927265405654907}}],"originDataSourceId":"","endTimeNanos":1625551327516000000,"dataTypeName":"com.google.calories.expended","startTimeNanos":1625551301900151217,"modifiedTimeMillis":1625562160893,"rawTimestampNanos":0},
        {"fitValue":[{"value":{"fpVal":10.315996170043945}}],"originDataSourceId":"","endTimeNanos":1625551467131000000,"dataTypeName":"com.google.calories.expended","startTimeNanos":1625551327516000000,"modifiedTimeMillis":1625562160893,"rawTimestampNanos":0},
        {"fitValue":[{"value":{"fpVal":83.73461151123047}}],"originDataSourceId":"","endTimeNanos":1625556489226000000,"dataTypeName":"com.google.calories.expended","startTimeNanos":1625551812645000000,"modifiedTimeMillis":1625562160893,"rawTimestampNanos":0},
        {"fitValue":[{"value":{"fpVal":0.10701895505189896}}],"originDataSourceId":"","endTimeNanos":1625557830763000000,"dataTypeName":"com.google.calories.expended","startTimeNanos":1625557829314623049,"modifiedTimeMillis":1625562160893,"rawTimestampNanos":0},
        {"fitValue":[{"value":{"fpVal":3.3736929893493652}}],"originDataSourceId":"","endTimeNanos":1625557876422000000,"dataTypeName":"com.google.calories.expended","startTimeNanos":1625557830763000000,"modifiedTimeMillis":1625562160893,"rawTimestampNanos":0},
        {"fitValue":[{"value":{"fpVal":44.817806243896484}}],"originDataSourceId":"","endTimeNanos":1625560379498000000,"dataTypeName":"com.google.calories.expended","startTimeNanos":1625557876422000000,"modifiedTimeMillis":1625562160893,"rawTimestampNanos":0},
        {"fitValue":[{"value":{"fpVal":5.17022705078125}}],"originDataSourceId":"","endTimeNanos":1625637465542000000,"dataTypeName":"com.google.calories.expended","startTimeNanos":1625637395569000000,"modifiedTimeMillis":1625640515319,"rawTimestampNanos":0},
        {"fitValue":[{"value":{"fpVal":3.3496787548065186}}],"originDataSourceId":"","endTimeNanos":1625813394033000000,"dataTypeName":"com.google.calories.expended","startTimeNanos":1625813348699000000,"modifiedTimeMillis":1625816383904,"rawTimestampNanos":0},
        {"fitValue":[{"value":{"fpVal":28.085838317871094}}],"originDataSourceId":"","endTimeNanos":1625847318664000000,"dataTypeName":"com.google.calories.expended","startTimeNanos":1625845750069000000,"modifiedTimeMillis":1625854630758,"rawTimestampNanos":0},
        {"fitValue":[{"value":{"fpVal":5.443394184112549}}],"originDataSourceId":"","endTimeNanos":1625849876727000000,"dataTypeName":"com.google.calories.expended","startTimeNanos":1625849803057000000,"modifiedTimeMillis":1625854630758,"rawTimestampNanos":0},
        {"fitValue":[{"value":{"fpVal":3.925642251968384}}],"originDataSourceId":"","endTimeNanos":1625850220950000000,"dataTypeName":"com.google.calories.expended","startTimeNanos":1625850167821000000,"modifiedTimeMillis":1625854630758,"rawTimestampNanos":0},
        {"fitValue":[{"value":{"fpVal":28.06766128540039}}],"originDataSourceId":"","endTimeNanos":1625851883675000000,"dataTypeName":"com.google.calories.expended","startTimeNanos":1625850316095000000,"modifiedTimeMillis":1625854630758,"rawTimestampNanos":0},
        {"fitValue":[{"value":{"fpVal":9.637179374694824}}],"originDataSourceId":"","endTimeNanos":1625852014103000000,"dataTypeName":"com.google.calories.expended","startTimeNanos":1625851883675000000,"modifiedTimeMillis":1625854630758,"rawTimestampNanos":0},
        {"fitValue":[{"value":{"fpVal":28.64716339111328}}],"originDataSourceId":"","endTimeNanos":1626104690376000000,"dataTypeName":"com.google.calories.expended","startTimeNanos":1626104302670000000,"modifiedTimeMillis":1626115690126,"rawTimestampNanos":0},
        {"fitValue":[{"value":{"fpVal":16.331878662109375}}],"originDataSourceId":"","endTimeNanos":1626106996071000000,"dataTypeName":"com.google.calories.expended","startTimeNanos":1626106083935000000,"modifiedTimeMillis":1626115690126,"rawTimestampNanos":0},
        {"fitValue":[{"value":{"fpVal":0.5447827577590942}}],"originDataSourceId":"","endTimeNanos":1626110620777000000,"dataTypeName":"com.google.calories.expended","startTimeNanos":1626110613404000000,"modifiedTimeMillis":1626115690126,"rawTimestampNanos":0},
        {"fitValue":[{"value":{"fpVal":3.721339702606201}}],"originDataSourceId":"","endTimeNanos":1626110671141000000,"dataTypeName":"com.google.calories.expended","startTimeNanos":1626110620777000000,"modifiedTimeMillis":1626115690126,"rawTimestampNanos":0},
        {"fitValue":[{"value":{"fpVal":1.4066965579986572}}],"originDataSourceId":"","endTimeNanos":1626110690179000000,"dataTypeName":"com.google.calories.expended","startTimeNanos":1626110671141000000,"modifiedTimeMillis":1626115690126,"rawTimestampNanos":0},
        {"fitValue":[{"value":{"fpVal":26.286638259887695}}],"originDataSourceId":"","endTimeNanos":1626111317863000000,"dataTypeName":"com.google.calories.expended","startTimeNanos":1626110962104000000,"modifiedTimeMillis":1626115690126,"rawTimestampNanos":0},
        {"fitValue":[{"value":{"fpVal":15.824633598327637}}],"originDataSourceId":"","endTimeNanos":1626112666023000000,"dataTypeName":"com.google.calories.expended","startTimeNanos":1626112451855000000,"modifiedTimeMillis":1626115690126,"rawTimestampNanos":0},
        {"fitValue":[{"value":{"fpVal":8.013298034667969}}],"originDataSourceId":"","endTimeNanos":1626113113566000000,"dataTypeName":"com.google.calories.expended","startTimeNanos":1626112666023000000,"modifiedTimeMillis":1626115690126,"rawTimestampNanos":0},
        {"fitValue":[{"value":{"fpVal":5.3490376472473145}}],"originDataSourceId":"","endTimeNanos":1626167662228000000,"dataTypeName":"com.google.calories.expended","startTimeNanos":1626167589835000000,"modifiedTimeMillis":1626170401483,"rawTimestampNanos":0},
        {"fitValue":[{"value":{"fpVal":10.54331111907959}}],"originDataSourceId":"","endTimeNanos":1626599063077000000,"dataTypeName":"com.google.calories.expended","startTimeNanos":1626598990780000000,"modifiedTimeMillis":1626602306472,"rawTimestampNanos":0},
        {"fitValue":[{"value":{"fpVal":39.89691162109375}}],"originDataSourceId":"","endTimeNanos":1626619981955000000,"dataTypeName":"com.google.calories.expended","startTimeNanos":1626617753711000000,"modifiedTimeMillis":1626632273169,"rawTimestampNanos":0},
        {"fitValue":[{"value":{"fpVal":0.22070612013339996}}],"originDataSourceId":"","endTimeNanos":1626620823645000000,"dataTypeName":"com.google.calories.expended","startTimeNanos":1626620820658000000,"modifiedTimeMillis":1626632273169,"rawTimestampNanos":0},
        {"fitValue":[{"value":{"fpVal":43.299774169921875}}],"originDataSourceId":"","endTimeNanos":1626621409657000000,"dataTypeName":"com.google.calories.expended","startTimeNanos":1626620823645000000,"modifiedTimeMillis":1626632273169,"rawTimestampNanos":0},
        {"fitValue":[{"value":{"fpVal":8.135088920593262}}],"originDataSourceId":"","endTimeNanos":1626629342919000000,"dataTypeName":"com.google.calories.expended","startTimeNanos":1626628888574000000,"modifiedTimeMillis":1626632273169,"rawTimestampNanos":0},
        {"fitValue":[{"value":{"fpVal":20.298521041870117}}],"originDataSourceId":"","endTimeNanos":1626631418417000000,"dataTypeName":"com.google.calories.expended","startTimeNanos":1626630284744000000,"modifiedTimeMillis":1626632273169,"rawTimestampNanos":0},
        {"fitValue":[{"value":{"fpVal":11.194084167480469}}],"originDataSourceId":"","endTimeNanos":1626635993739000000,"dataTypeName":"com.google.calories.expended","startTimeNanos":1626635368549000000,"modifiedTimeMillis":1626662921098,"rawTimestampNanos":0},
        {"fitValue":[{"value":{"fpVal":6.094036102294922}}],"originDataSourceId":"","endTimeNanos":1626674347614000000,"dataTypeName":"com.google.calories.expended","startTimeNanos":1626674265138317492,"modifiedTimeMillis":1626690522770,"rawTimestampNanos":0},
        {"fitValue":[{"value":{"fpVal":16.55842399597168}}],"originDataSourceId":"","endTimeNanos":1626674571713000000,"dataTypeName":"com.google.calories.expended","startTimeNanos":1626674347614000000,"modifiedTimeMillis":1626690522770,"rawTimestampNanos":0},
        {"fitValue":[{"value":{"fpVal":39.60545349121094}}],"originDataSourceId":"","endTimeNanos":1626682431712000000,"dataTypeName":"com.google.calories.expended","startTimeNanos":1626680219746000000,"modifiedTimeMillis":1626690522770,"rawTimestampNanos":0},
        {"fitValue":[{"value":{"fpVal":7.303472995758057}}],"originDataSourceId":"","endTimeNanos":1626686229623000000,"dataTypeName":"com.google.calories.expended","startTimeNanos":1626686130779000000,"modifiedTimeMillis":1626690522770,"rawTimestampNanos":0},
        {"fitValue":[{"value":{"fpVal":0.6929572224617004}}],"originDataSourceId":"","endTimeNanos":1626686293784000000,"dataTypeName":"com.google.calories.expended","startTimeNanos":1626686284405631705,"modifiedTimeMillis":1626690522770,"rawTimestampNanos":0},
        {"fitValue":[{"value":{"fpVal":8.182677268981934}}],"originDataSourceId":"","endTimeNanos":1626686404527000000,"dataTypeName":"com.google.calories.expended","startTimeNanos":1626686293784000000,"modifiedTimeMillis":1626690522770,"rawTimestampNanos":0},
        {"fitValue":[{"value":{"fpVal":3.9344353675842285}}],"originDataSourceId":"","endTimeNanos":1626859653874000000,"dataTypeName":"com.google.calories.expended","startTimeNanos":1626859600626000000,"modifiedTimeMillis":1626874305075,"rawTimestampNanos":0},
        {"fitValue":[{"value":{"fpVal":48.3254280090332}}],"originDataSourceId":"","endTimeNanos":1626862586630000000,"dataTypeName":"com.google.calories.expended","startTimeNanos":1626859887653000000,"modifiedTimeMillis":1626874305075,"rawTimestampNanos":0},
        {"fitValue":[{"value":{"fpVal":34.819976806640625}}],"originDataSourceId":"","endTimeNanos":1626870214439000000,"dataTypeName":"com.google.calories.expended","startTimeNanos":1626868269742000000,"modifiedTimeMillis":1626874305075,"rawTimestampNanos":0},
        {"fitValue":[{"value":{"fpVal":17.073652267456055}}],"originDataSourceId":"","endTimeNanos":1627110656684000000,"dataTypeName":"com.google.calories.expended","startTimeNanos":1627110425612000000,"modifiedTimeMillis":1627123248492,"rawTimestampNanos":0},
        {"fitValue":[{"value":{"fpVal":70.54225158691406}}],"originDataSourceId":"","endTimeNanos":1627114686875000000,"dataTypeName":"com.google.calories.expended","startTimeNanos":1627110747088000000,"modifiedTimeMillis":1627123248492,"rawTimestampNanos":0},
        {"fitValue":[{"value":{"fpVal":5.987229824066162}}],"originDataSourceId":"","endTimeNanos":1627115425764000000,"dataTypeName":"com.google.calories.expended","startTimeNanos":1627115091377000000,"modifiedTimeMillis":1627123248492,"rawTimestampNanos":0},
        {"fitValue":[{"value":{"fpVal":14.462936401367188}}],"originDataSourceId":"","endTimeNanos":1627115621503000000,"dataTypeName":"com.google.calories.expended","startTimeNanos":1627115425764000000,"modifiedTimeMillis":1627123248492,"rawTimestampNanos":0},
        {"fitValue":[{"value":{"fpVal":0.813325822353363}}],"originDataSourceId":"","endTimeNanos":1627115632510418240,"dataTypeName":"com.google.calories.expended","startTimeNanos":1627115621503000000,"modifiedTimeMillis":1627123248492,"rawTimestampNanos":0},
        {"fitValue":[{"value":{"fpVal":83.31595611572266}}],"originDataSourceId":"","endTimeNanos":1627120881171000000,"dataTypeName":"com.google.calories.expended","startTimeNanos":1627116227972000000,"modifiedTimeMillis":1627123248492,"rawTimestampNanos":0},
        {"fitValue":[{"value":{"fpVal":3.1017813682556152}}],"originDataSourceId":"","endTimeNanos":1627189199627000000,"dataTypeName":"com.google.calories.expended","startTimeNanos":1627189157648000000,"modifiedTimeMillis":1627196412571,"rawTimestampNanos":0},
        {"fitValue":[{"value":{"fpVal":18.42754554748535}}],"originDataSourceId":"","endTimeNanos":1627190228806000000,"dataTypeName":"com.google.calories.expended","startTimeNanos":1627189199627000000,"modifiedTimeMillis":1627196412571,"rawTimestampNanos":0},
        {"fitValue":[{"value":{"fpVal":15.915369987487793}}],"originDataSourceId":"","endTimeNanos":1627190444202000000,"dataTypeName":"com.google.calories.expended","startTimeNanos":1627190228806000000,"modifiedTimeMillis":1627196412571,"rawTimestampNanos":0},
        {"fitValue":[{"value":{"fpVal":1.8818966150283813}}],"originDataSourceId":"","endTimeNanos":1627190469671278753,"dataTypeName":"com.google.calories.expended","startTimeNanos":1627190444202000000,"modifiedTimeMillis":1627196412571,"rawTimestampNanos":0},
        {"fitValue":[{"value":{"fpVal":23.507232666015625}}],"originDataSourceId":"","endTimeNanos":1627192004252000000,"dataTypeName":"com.google.calories.expended","startTimeNanos":1627191686109000000,"modifiedTimeMillis":1627196412571,"rawTimestampNanos":0},
        {"fitValue":[{"value":{"fpVal":3.9447062015533447}}],"originDataSourceId":"","endTimeNanos":1627195031784000000,"dataTypeName":"com.google.calories.expended","startTimeNanos":1627194978397000000,"modifiedTimeMillis":1627196412571,"rawTimestampNanos":0},
        {"fitValue":[{"value":{"fpVal":21.085376739501953}}],"originDataSourceId":"","endTimeNanos":1627196348686000000,"dataTypeName":"com.google.calories.expended","startTimeNanos":1627195171067000000,"modifiedTimeMillis":1627201982965,"rawTimestampNanos":0},
        {"fitValue":[{"value":{"fpVal":6.14346170425415}}],"originDataSourceId":"","endTimeNanos":1627348429626000000,"dataTypeName":"com.google.calories.expended","startTimeNanos":1627348346481390551,"modifiedTimeMillis":1627380716826,"rawTimestampNanos":0},
        {"fitValue":[{"value":{"fpVal":3.370884656906128}}],"originDataSourceId":"","endTimeNanos":1627348475247000000,"dataTypeName":"com.google.calories.expended","startTimeNanos":1627348429626000000,"modifiedTimeMillis":1627380716826,"rawTimestampNanos":0},
        {"fitValue":[{"value":{"fpVal":10.848735809326172}}],"originDataSourceId":"","endTimeNanos":1627348765997000000,"dataTypeName":"com.google.calories.expended","startTimeNanos":1627348619172000000,"modifiedTimeMillis":1627380716826,"rawTimestampNanos":0},
        {"fitValue":[{"value":{"fpVal":58.00141525268555}}],"originDataSourceId":"","endTimeNanos":1627352095623000000,"dataTypeName":"com.google.calories.expended","startTimeNanos":1627348856242000000,"modifiedTimeMillis":1627380716826,"rawTimestampNanos":0},
        {"fitValue":[{"value":{"fpVal":39.39182662963867}}],"originDataSourceId":"","endTimeNanos":1627372064197000000,"dataTypeName":"com.google.calories.expended","startTimeNanos":1627369864162000000,"modifiedTimeMillis":1627380716826,"rawTimestampNanos":0},
        {"fitValue":[{"value":{"fpVal":17.917095184326172}}],"originDataSourceId":"","endTimeNanos":1627372306684000000,"dataTypeName":"com.google.calories.expended","startTimeNanos":1627372064197000000,"modifiedTimeMillis":1627380716826,"rawTimestampNanos":0},
        {"fitValue":[{"value":{"fpVal":3.9251253604888916}}],"originDataSourceId":"","endTimeNanos":1627372574789000000,"dataTypeName":"com.google.calories.expended","startTimeNanos":1627372521667000000,"modifiedTimeMillis":1627380716826,"rawTimestampNanos":0},
        {"fitValue":[{"value":{"fpVal":3.686169147491455}}],"originDataSourceId":"","endTimeNanos":1627376713487000000,"dataTypeName":"com.google.calories.expended","startTimeNanos":1627376663599000000,"modifiedTimeMillis":1627380716826,"rawTimestampNanos":0},
        {"fitValue":[{"value":{"fpVal":23.332839965820312}}],"originDataSourceId":"","endTimeNanos":1627378016627000000,"dataTypeName":"com.google.calories.expended","startTimeNanos":1627376713487000000,"modifiedTimeMillis":1627380716826,"rawTimestampNanos":0},
        {"fitValue":[{"value":{"fpVal":2.073174238204956}}],"originDataSourceId":"","endTimeNanos":1627378044685000000,"dataTypeName":"com.google.calories.expended","startTimeNanos":1627378016627000000,"modifiedTimeMillis":1627380716826,"rawTimestampNanos":0},
        {"fitValue":[{"value":{"fpVal":13.357261657714844}}],"originDataSourceId":"","endTimeNanos":1627454801736000000,"dataTypeName":"com.google.calories.expended","startTimeNanos":1627454620961000000,"modifiedTimeMillis":1627455758263,"rawTimestampNanos":0},
        {"fitValue":[{"value":{"fpVal":0.08580564707517624}}],"originDataSourceId":"","endTimeNanos":1627454802897279484,"dataTypeName":"com.google.calories.expended","startTimeNanos":1627454801736000000,"modifiedTimeMillis":1627455758263,"rawTimestampNanos":0},
        {"fitValue":[{"value":{"fpVal":9.22901725769043}}],"originDataSourceId":"","endTimeNanos":1627481302590000000,"dataTypeName":"com.google.calories.expended","startTimeNanos":1627481177686000000,"modifiedTimeMillis":1627501777945,"rawTimestampNanos":0},
        {"fitValue":[{"value":{"fpVal":120.56317138671875}}],"originDataSourceId":"","endTimeNanos":1627484239467000000,"dataTypeName":"com.google.calories.expended","startTimeNanos":1627482689369000000,"modifiedTimeMillis":1627501777945,"rawTimestampNanos":0},
        {"fitValue":[{"value":{"fpVal":32.85528564453125}}],"originDataSourceId":"","endTimeNanos":1627551650965000000,"dataTypeName":"com.google.calories.expended","startTimeNanos":1627551206307000000,"modifiedTimeMillis":1627554296022,"rawTimestampNanos":0},
        {"fitValue":[{"value":{"fpVal":3.4254887104034424}}],"originDataSourceId":"","endTimeNanos":1627630167101000000,"dataTypeName":"com.google.calories.expended","startTimeNanos":1627630120741000000,"modifiedTimeMillis":1627630224798,"rawTimestampNanos":0},
        {"fitValue":[{"value":{"fpVal":1.1454694271087646}}],"originDataSourceId":"","endTimeNanos":1627630182603593721,"dataTypeName":"com.google.calories.expended","startTimeNanos":1627630167101000000,"modifiedTimeMillis":1627630224798,"rawTimestampNanos":0},
        {"fitValue":[{"value":{"fpVal":9.246307373046875}}],"originDataSourceId":"","endTimeNanos":1627632171921000000,"dataTypeName":"com.google.calories.expended","startTimeNanos":1627632046783000000,"modifiedTimeMillis":1627634952197,"rawTimestampNanos":0},
        {"fitValue":[{"value":{"fpVal":3.662818431854248}}],"originDataSourceId":"","endTimeNanos":1627632221492982086,"dataTypeName":"com.google.calories.expended","startTimeNanos":1627632171921000000,"modifiedTimeMillis":1627634952197,"rawTimestampNanos":0},
        {"fitValue":[{"value":{"fpVal":5.558956146240234}}],"originDataSourceId":"","endTimeNanos":1627635251916000000,"dataTypeName":"com.google.calories.expended","startTimeNanos":1627635176682000000,"modifiedTimeMillis":1627641609554,"rawTimestampNanos":0},
        {"fitValue":[{"value":{"fpVal":13.027052879333496}}],"originDataSourceId":"","endTimeNanos":1627636163351000000,"dataTypeName":"com.google.calories.expended","startTimeNanos":1627635987045000000,"modifiedTimeMillis":1627641609554,"rawTimestampNanos":0},
        {"fitValue":[{"value":{"fpVal":14.214964866638184}}],"originDataSourceId":"","endTimeNanos":1627637680779000000,"dataTypeName":"com.google.calories.expended","startTimeNanos":1627637488396000000,"modifiedTimeMillis":1627641609554,"rawTimestampNanos":0},
        {"fitValue":[{"value":{"fpVal":0.07376857101917267}}],"originDataSourceId":"","endTimeNanos":1627637681777371717,"dataTypeName":"com.google.calories.expended","startTimeNanos":1627637680779000000,"modifiedTimeMillis":1627641609554,"rawTimestampNanos":0},
        {"fitValue":[{"value":{"fpVal":0.008728323504328728}}],"originDataSourceId":"","endTimeNanos":1627648670698000000,"dataTypeName":"com.google.calories.expended","startTimeNanos":1627648670579872297,"modifiedTimeMillis":1627653671375,"rawTimestampNanos":0},
        {"fitValue":[{"value":{"fpVal":8.729897499084473}}],"originDataSourceId":"","endTimeNanos":1627648788847000000,"dataTypeName":"com.google.calories.expended","startTimeNanos":1627648670698000000,"modifiedTimeMillis":1627653671375,"rawTimestampNanos":0},
        {"fitValue":[{"value":{"fpVal":1.7040818929672241}}],"originDataSourceId":"","endTimeNanos":1627648811909764438,"dataTypeName":"com.google.calories.expended","startTimeNanos":1627648788847000000,"modifiedTimeMillis":1627653671375,"rawTimestampNanos":0},
        {"fitValue":[{"value":{"fpVal":81.02958679199219}}],"originDataSourceId":"","endTimeNanos":1627650257128000000,"dataTypeName":"com.google.calories.expended","startTimeNanos":1627649160487000000,"modifiedTimeMillis":1627653671375,"rawTimestampNanos":0},
        {"fitValue":[{"value":{"fpVal":1.909252405166626}}],"originDataSourceId":"","endTimeNanos":1627650282967508367,"dataTypeName":"com.google.calories.expended","startTimeNanos":1627650257128000000,"modifiedTimeMillis":1627653671375,"rawTimestampNanos":0},
        {"fitValue":[{"value":{"fpVal":60.7474479675293}}],"originDataSourceId":"","endTimeNanos":1627651226510000000,"dataTypeName":"com.google.calories.expended","startTimeNanos":1627650404364000000,"modifiedTimeMillis":1627653671375,"rawTimestampNanos":0},
        {"fitValue":[{"value":{"fpVal":0.30318376421928406}}],"originDataSourceId":"","endTimeNanos":1627651230613239380,"dataTypeName":"com.google.calories.expended","startTimeNanos":1627651226510000000,"modifiedTimeMillis":1627653671375,"rawTimestampNanos":0},
        {"fitValue":[{"value":{"fpVal":3.272538900375366}}],"originDataSourceId":"","endTimeNanos":1627651518000000000,"dataTypeName":"com.google.calories.expended","startTimeNanos":1627651473710000000,"modifiedTimeMillis":1627653671375,"rawTimestampNanos":0},
        {"fitValue":[{"value":{"fpVal":5.219510555267334}}],"originDataSourceId":"","endTimeNanos":1627651658479000000,"dataTypeName":"com.google.calories.expended","startTimeNanos":1627651587839000000,"modifiedTimeMillis":1627653671375,"rawTimestampNanos":0},
        {"fitValue":[{"value":{"fpVal":41.23798370361328}}],"originDataSourceId":"","endTimeNanos":1627664489115000000,"dataTypeName":"com.google.calories.expended","startTimeNanos":1627662185972000000,"modifiedTimeMillis":1627668902331,"rawTimestampNanos":0},
        {"fitValue":[{"value":{"fpVal":37.37363815307617}}],"originDataSourceId":"","endTimeNanos":1627668712301000000,"dataTypeName":"com.google.calories.expended","startTimeNanos":1627666624982000000,"modifiedTimeMillis":1627672516485,"rawTimestampNanos":0},
        {"fitValue":[{"value":{"fpVal":9.488946914672852}}],"originDataSourceId":"","endTimeNanos":1627720062661000000,"dataTypeName":"com.google.calories.expended","startTimeNanos":1627719532703000000,"modifiedTimeMillis":1627723606709,"rawTimestampNanos":0},
        {"fitValue":[{"value":{"fpVal":10.146791458129883}}],"originDataSourceId":"","endTimeNanos":1627722761050000000,"dataTypeName":"com.google.calories.expended","startTimeNanos":1627722623725000000,"modifiedTimeMillis":1627723606709,"rawTimestampNanos":0},
        {"fitValue":[{"value":{"fpVal":15.3272066116333}}],"originDataSourceId":"","endTimeNanos":1627723617075000000,"dataTypeName":"com.google.calories.expended","startTimeNanos":1627722761050000000,"modifiedTimeMillis":1627727391815,"rawTimestampNanos":0},
        {"fitValue":[{"value":{"fpVal":8.322622299194336}}],"originDataSourceId":"","endTimeNanos":1627760060163000000,"dataTypeName":"com.google.calories.expended","startTimeNanos":1627759947526000000,"modifiedTimeMillis":1627761998114,"rawTimestampNanos":0},
        {"fitValue":[{"value":{"fpVal":12.80317211151123}}],"originDataSourceId":"","endTimeNanos":1627760374776000000,"dataTypeName":"com.google.calories.expended","startTimeNanos":1627760201500000000,"modifiedTimeMillis":1627761998114,"rawTimestampNanos":0},
        {"fitValue":[{"value":{"fpVal":5.635653018951416}}],"originDataSourceId":"","endTimeNanos":1627760735291000000,"dataTypeName":"com.google.calories.expended","startTimeNanos":1627760659019000000,"modifiedTimeMillis":1627761998114,"rawTimestampNanos":0},
        {"fitValue":[{"value":{"fpVal":8.524930000305176}}],"originDataSourceId":"","endTimeNanos":1627818111170000000,"dataTypeName":"com.google.calories.expended","startTimeNanos":1627817995795000000,"modifiedTimeMillis":1627821929179,"rawTimestampNanos":0},
        {"fitValue":[{"value":{"fpVal":11.234953880310059}}],"originDataSourceId":"","endTimeNanos":1627823743953000000,"dataTypeName":"com.google.calories.expended","startTimeNanos":1627823591901000000,"modifiedTimeMillis":1627825370719,"rawTimestampNanos":0},
        {"fitValue":[{"value":{"fpVal":42.46992874145508}}],"originDataSourceId":"","endTimeNanos":1627824797990000000,"dataTypeName":"com.google.calories.expended","startTimeNanos":1627824223209000000,"modifiedTimeMillis":1627825370719,"rawTimestampNanos":0},
        {"fitValue":[{"value":{"fpVal":3.836091995239258}}],"originDataSourceId":"","endTimeNanos":1627824849907038545,"dataTypeName":"com.google.calories.expended","startTimeNanos":1627824797990000000,"modifiedTimeMillis":1627825370719,"rawTimestampNanos":0},
        {"fitValue":[{"value":{"fpVal":2.18733286857605}}],"originDataSourceId":"","endTimeNanos":1627825067889000000,"dataTypeName":"com.google.calories.expended","startTimeNanos":1627825038286000000,"modifiedTimeMillis":1627825370719,"rawTimestampNanos":0},
        {"fitValue":[{"value":{"fpVal":44.957862854003906}}],"originDataSourceId":"","endTimeNanos":1627829178707000000,"dataTypeName":"com.google.calories.expended","startTimeNanos":1627826667809000000,"modifiedTimeMillis":1627829472764,"rawTimestampNanos":0},
        {"fitValue":[{"value":{"fpVal":12.944021224975586}}],"originDataSourceId":"","endTimeNanos":1627832314602000000,"dataTypeName":"com.google.calories.expended","startTimeNanos":1627831591678000000,"modifiedTimeMillis":1627840684616,"rawTimestampNanos":0},
        {"fitValue":[{"value":{"fpVal":9.246824264526367}}],"originDataSourceId":"","endTimeNanos":1627833291999000000,"dataTypeName":"com.google.calories.expended","startTimeNanos":1627833166854000000,"modifiedTimeMillis":1627840684616,"rawTimestampNanos":0},
        {"fitValue":[{"value":{"fpVal":2.7113823890686035}}],"originDataSourceId":"","endTimeNanos":1627833328694402857,"dataTypeName":"com.google.calories.expended","startTimeNanos":1627833291999000000,"modifiedTimeMillis":1627840684616,"rawTimestampNanos":0},
        {"fitValue":[{"value":{"fpVal":19.849288940429688}}],"originDataSourceId":"","endTimeNanos":1627836894330000000,"dataTypeName":"com.google.calories.expended","startTimeNanos":1627836625693000000,"modifiedTimeMillis":1627840684616,"rawTimestampNanos":0},
        {"fitValue":[{"value":{"fpVal":9.986457824707031}}],"originDataSourceId":"","endTimeNanos":1627837669816000000,"dataTypeName":"com.google.calories.expended","startTimeNanos":1627837112072000000,"modifiedTimeMillis":1627840684616,"rawTimestampNanos":0},
        {"fitValue":[{"value":{"fpVal":5.3325605392456055}}],"originDataSourceId":"","endTimeNanos":1627904304204000000,"dataTypeName":"com.google.calories.expended","startTimeNanos":1627904232034000000,"modifiedTimeMillis":1627906247979,"rawTimestampNanos":0},
        {"fitValue":[{"value":{"fpVal":10.894916534423828}}],"originDataSourceId":"","endTimeNanos":1629443825021000000,"dataTypeName":"com.google.calories.expended","startTimeNanos":1629443677571000000,"modifiedTimeMillis":1629455446818,"rawTimestampNanos":0},
        {"fitValue":[{"value":{"fpVal":117.46990203857422}}],"originDataSourceId":"","endTimeNanos":1629450385719000000,"dataTypeName":"com.google.calories.expended","startTimeNanos":1629443825021000000,"modifiedTimeMillis":1629455446818,"rawTimestampNanos":0},
        {"fitValue":[{"value":{"fpVal":15.389337539672852}}],"originDataSourceId":"","endTimeNanos":1629452595784000000,"dataTypeName":"com.google.calories.expended","startTimeNanos":1629451736289000000,"modifiedTimeMillis":1629455446818,"rawTimestampNanos":0},
        {"fitValue":[{"value":{"fpVal":2.4478650093078613}}],"originDataSourceId":"","endTimeNanos":1629467736287000000,"dataTypeName":"com.google.calories.expended","startTimeNanos":1629467703158000000,"modifiedTimeMillis":1629478215826,"rawTimestampNanos":0},
        {"fitValue":[{"value":{"fpVal":8.223758697509766}}],"originDataSourceId":"","endTimeNanos":1629467847586000000,"dataTypeName":"com.google.calories.expended","startTimeNanos":1629467736287000000,"modifiedTimeMillis":1629478215826,"rawTimestampNanos":0},
        {"fitValue":[{"value":{"fpVal":4.8747453689575195}}],"originDataSourceId":"","endTimeNanos":1629468053640000000,"dataTypeName":"com.google.calories.expended","startTimeNanos":1629467987666000000,"modifiedTimeMillis":1629478215826,"rawTimestampNanos":0},
        {"fitValue":[{"value":{"fpVal":32.01893997192383}}],"originDataSourceId":"","endTimeNanos":1629469971143000000,"dataTypeName":"com.google.calories.expended","startTimeNanos":1629468182884000000,"modifiedTimeMillis":1629478215826,"rawTimestampNanos":0},
        {"fitValue":[{"value":{"fpVal":8.714011192321777}}],"originDataSourceId":"","endTimeNanos":1629473272260000000,"dataTypeName":"com.google.calories.expended","startTimeNanos":1629473154326000000,"modifiedTimeMillis":1629478215826,"rawTimestampNanos":0},
        {"fitValue":[{"value":{"fpVal":73.60348510742188}}],"originDataSourceId":"","endTimeNanos":1629477383017000000,"dataTypeName":"com.google.calories.expended","startTimeNanos":1629473272260000000,"modifiedTimeMillis":1629478215826,"rawTimestampNanos":0},
        {"fitValue":[{"value":{"fpVal":7.082249164581299}}],"originDataSourceId":"","endTimeNanos":1629477478867000000,"dataTypeName":"com.google.calories.expended","startTimeNanos":1629477383017000000,"modifiedTimeMillis":1629478215826,"rawTimestampNanos":0},
        {"fitValue":[{"value":{"fpVal":1.2513821125030518}}],"originDataSourceId":"","endTimeNanos":1629526126533000000,"dataTypeName":"com.google.calories.expended","startTimeNanos":1629526109597000000,"modifiedTimeMillis":1629530800010,"rawTimestampNanos":0},
        {"fitValue":[{"value":{"fpVal":20.322921752929688}}],"originDataSourceId":"","endTimeNanos":1629961759583000000,"dataTypeName":"com.google.calories.expended","startTimeNanos":1629960624547000000,"modifiedTimeMillis":1629964155178,"rawTimestampNanos":0}
    ]
}