{
    "Data Source": "derived:com.google.activity.segment:com.google.android.gms:samsung:SM-A505F:14cdfeadff18e29e:from_activity_samples\u003c-derived:com.google.activity.samples:com.google.android.gms:samsung:SM-A505F:14cdfeadff18e29e:detailed",
    "Data Points": [
        {"fitValue":[{"value":{"intVal":7}}],"originDataSourceId":"derived:com.google.activity.samples:com.google.android.gms:samsung:SM-A505F:14cdfeadff18e29e:detailed","endTimeNanos":1616349603495000000,"dataTypeName":"com.google.activity.segment","startTimeNanos":1616349523711000000,"modifiedTimeMillis":1616352707629,"rawTimestampNanos":0},
        {"fitValue":[{"value":{"intVal":7}}],"originDataSourceId":"derived:com.google.activity.samples:com.google.android.gms:samsung:SM-A505F:14cdfeadff18e29e:detailed","endTimeNanos":1616350932674000000,"dataTypeName":"com.google.activity.segment","startTimeNanos":1616350821306000000,"modifiedTimeMillis":1616352707629,"rawTimestampNanos":0},
        {"fitValue":[{"value":{"intVal":1}}],"originDataSourceId":"derived:com.google.activity.samples:com.google.android.gms:samsung:SM-A505F:14cdfeadff18e29e:detailed","endTimeNanos":1616411985995000000,"dataTypeName":"com.google.activity.segment","startTimeNanos":1616411481823000000,"modifiedTimeMillis":1616414619717,"rawTimestampNanos":0},
        {"fitValue":[{"value":{"intVal":1}}],"originDataSourceId":"derived:com.google.activity.samples:com.google.android.gms:samsung:SM-A505F:14cdfeadff18e29e:detailed","endTimeNanos":1616413615031000000,"dataTypeName":"com.google.activity.segment","startTimeNanos":1616412999058000000,"modifiedTimeMillis":1616414619717,"rawTimestampNanos":0},
        {"fitValue":[{"value":{"intVal":1}}],"originDataSourceId":"derived:com.google.activity.samples:com.google.android.gms:samsung:SM-A505F:14cdfeadff18e29e:detailed","endTimeNanos":1616483662741000000,"dataTypeName":"com.google.activity.segment","startTimeNanos":1616482659004000000,"modifiedTimeMillis":1616491628106,"rawTimestampNanos":0},
        {"fitValue":[{"value":{"intVal":1}}],"originDataSourceId":"derived:com.google.activity.samples:com.google.android.gms:samsung:SM-A505F:14cdfeadff18e29e:detailed","endTimeNanos":1616498723011000000,"dataTypeName":"com.google.activity.segment","startTimeNanos":1616498574499000000,"modifiedTimeMillis":1616507019097,"rawTimestampNanos":0},
        {"fitValue":[{"value":{"intVal":7}}],"originDataSourceId":"derived:com.google.activity.samples:com.google.android.gms:samsung:SM-A505F:14cdfeadff18e29e:detailed","endTimeNanos":1616499699695000000,"dataTypeName":"com.google.activity.segment","startTimeNanos":1616499619662000000,"modifiedTimeMillis":1616507019097,"rawTimestampNanos":0},
        {"fitValue":[{"value":{"intVal":1}}],"originDataSourceId":"derived:com.google.activity.samples:com.google.android.gms:samsung:SM-A505F:14cdfeadff18e29e:detailed","endTimeNanos":1616504927188000000,"dataTypeName":"com.google.activity.segment","startTimeNanos":1616501976452000000,"modifiedTimeMillis":1616507019097,"rawTimestampNanos":0},
        {"fitValue":[{"value":{"intVal":7}}],"originDataSourceId":"derived:com.google.activity.samples:com.google.android.gms:samsung:SM-A505F:14cdfeadff18e29e:detailed","endTimeNanos":1616509915475000000,"dataTypeName":"com.google.activity.segment","startTimeNanos":1616509839980000000,"modifiedTimeMillis":1616510819878,"rawTimestampNanos":0},
        {"fitValue":[{"value":{"intVal":7}}],"originDataSourceId":"derived:com.google.activity.samples:com.google.android.gms:samsung:SM-A505F:14cdfeadff18e29e:detailed","endTimeNanos":1616551471692000000,"dataTypeName":"com.google.activity.segment","startTimeNanos":1616551263712000000,"modifiedTimeMillis":1616571414273,"rawTimestampNanos":0},
        {"fitValue":[{"value":{"intVal":0}}],"originDataSourceId":"derived:com.google.activity.samples:com.google.android.gms:samsung:SM-A505F:14cdfeadff18e29e:detailed","endTimeNanos":1616552887913000000,"dataTypeName":"com.google.activity.segment","startTimeNanos":1616551471692000000,"modifiedTimeMillis":1616571414273,"rawTimestampNanos":0},
        {"fitValue":[{"value":{"intVal":7}}],"originDataSourceId":"derived:com.google.activity.samples:com.google.android.gms:samsung:SM-A505F:14cdfeadff18e29e:detailed","endTimeNanos":1616638082750000000,"dataTypeName":"com.google.activity.segment","startTimeNanos":1616638001225000000,"modifiedTimeMillis":1616658102361,"rawTimestampNanos":0},
        {"fitValue":[{"value":{"intVal":0}}],"originDataSourceId":"derived:com.google.activity.samples:com.google.android.gms:samsung:SM-A505F:14cdfeadff18e29e:detailed","endTimeNanos":1616638991588000000,"dataTypeName":"com.google.activity.segment","startTimeNanos":1616638082750000000,"modifiedTimeMillis":1616658102361,"rawTimestampNanos":0},
        {"fitValue":[{"value":{"intVal":7}}],"originDataSourceId":"derived:com.google.activity.samples:com.google.android.gms:samsung:SM-A505F:14cdfeadff18e29e:detailed","endTimeNanos":1616655598466000000,"dataTypeName":"com.google.activity.segment","startTimeNanos":1616655526654000000,"modifiedTimeMillis":1616658102361,"rawTimestampNanos":0},
        {"fitValue":[{"value":{"intVal":7}}],"originDataSourceId":"derived:com.google.activity.samples:com.google.android.gms:samsung:SM-A505F:14cdfeadff18e29e:detailed","endTimeNanos":1616686138754000000,"dataTypeName":"com.google.activity.segment","startTimeNanos":1616685927728000000,"modifiedTimeMillis":1616687305136,"rawTimestampNanos":0},
        {"fitValue":[{"value":{"intVal":0}}],"originDataSourceId":"derived:com.google.activity.samples:com.google.android.gms:samsung:SM-A505F:14cdfeadff18e29e:detailed","endTimeNanos":1616725989895000000,"dataTypeName":"com.google.activity.segment","startTimeNanos":1616724707920000000,"modifiedTimeMillis":1616742408875,"rawTimestampNanos":0},
        {"fitValue":[{"value":{"intVal":0}}],"originDataSourceId":"derived:com.google.activity.samples:com.google.android.gms:samsung:SM-A505F:14cdfeadff18e29e:detailed","endTimeNanos":1616742262666000000,"dataTypeName":"com.google.activity.segment","startTimeNanos":1616742202666000000,"modifiedTimeMillis":1616742408875,"rawTimestampNanos":0},
        {"fitValue":[{"value":{"intVal":7}}],"originDataSourceId":"derived:com.google.activity.samples:com.google.android.gms:samsung:SM-A505F:14cdfeadff18e29e:detailed","endTimeNanos":1616760291657000000,"dataTypeName":"com.google.activity.segment","startTimeNanos":1616760180773000000,"modifiedTimeMillis":1616761405827,"rawTimestampNanos":0},
        {"fitValue":[{"value":{"intVal":0}}],"originDataSourceId":"derived:com.google.activity.samples:com.google.android.gms:samsung:SM-A505F:14cdfeadff18e29e:detailed","endTimeNanos":1616811880850000000,"dataTypeName":"com.google.activity.segment","startTimeNanos":1616810868428000000,"modifiedTimeMillis":1616824793322,"rawTimestampNanos":0},
        {"fitValue":[{"value":{"intVal":7}}],"originDataSourceId":"derived:com.google.activity.samples:com.google.android.gms:samsung:SM-A505F:14cdfeadff18e29e:detailed","endTimeNanos":1616812571831000000,"dataTypeName":"com.google.activity.segment","startTimeNanos":1616811880850000000,"modifiedTimeMillis":1616824793322,"rawTimestampNanos":0},
        {"fitValue":[{"value":{"intVal":0}}],"originDataSourceId":"derived:com.google.activity.samples:com.google.android.gms:samsung:SM-A505F:14cdfeadff18e29e:detailed","endTimeNanos":1616834367919000000,"dataTypeName":"com.google.activity.segment","startTimeNanos":1616832515790000000,"modifiedTimeMillis":1616842853561,"rawTimestampNanos":0},
        {"fitValue":[{"value":{"intVal":7}}],"originDataSourceId":"derived:com.google.activity.samples:com.google.android.gms:samsung:SM-A505F:14cdfeadff18e29e:detailed","endTimeNanos":1616834674765000000,"dataTypeName":"com.google.activity.segment","startTimeNanos":1616834367919000000,"modifiedTimeMillis":1616842853561,"rawTimestampNanos":0},
        {"fitValue":[{"value":{"intVal":7}}],"originDataSourceId":"derived:com.google.activity.samples:com.google.android.gms:samsung:SM-A505F:14cdfeadff18e29e:detailed","endTimeNanos":1616839894677000000,"dataTypeName":"com.google.activity.segment","startTimeNanos":1616839400511000000,"modifiedTimeMillis":1616842853561,"rawTimestampNanos":0},
        {"fitValue":[{"value":{"intVal":0}}],"originDataSourceId":"derived:com.google.activity.samples:com.google.android.gms:samsung:SM-A505F:14cdfeadff18e29e:detailed","endTimeNanos":1616841288152000000,"dataTypeName":"com.google.activity.segment","startTimeNanos":1616839894677000000,"modifiedTimeMillis":1616842853561,"rawTimestampNanos":0},
        {"fitValue":[{"value":{"intVal":0}}],"originDataSourceId":"derived:com.google.activity.samples:com.google.android.gms:samsung:SM-A505F:14cdfeadff18e29e:detailed","endTimeNanos":1616857999899000000,"dataTypeName":"com.google.activity.segment","startTimeNanos":1616857744733000000,"modifiedTimeMillis":1616864916154,"rawTimestampNanos":0},
        {"fitValue":[{"value":{"intVal":0}}],"originDataSourceId":"derived:com.google.activity.samples:com.google.android.gms:samsung:SM-A505F:14cdfeadff18e29e:detailed","endTimeNanos":1616864598460000000,"dataTypeName":"com.google.activity.segment","startTimeNanos":1616862288103000000,"modifiedTimeMillis":1616864916154,"rawTimestampNanos":0},
        {"fitValue":[{"value":{"intVal":0}}],"originDataSourceId":"derived:com.google.activity.samples:com.google.android.gms:samsung:SM-A505F:14cdfeadff18e29e:detailed","endTimeNanos":1616941254514000000,"dataTypeName":"com.google.activity.segment","startTimeNanos":1616940823265000000,"modifiedTimeMillis":1616945385055,"rawTimestampNanos":0},
        {"fitValue":[{"value":{"intVal":7}}],"originDataSourceId":"derived:com.google.activity.samples:com.google.android.gms:samsung:SM-A505F:14cdfeadff18e29e:detailed","endTimeNanos":1616947985312000000,"dataTypeName":"com.google.activity.segment","startTimeNanos":1616947833772000000,"modifiedTimeMillis":1616948983654,"rawTimestampNanos":0},
        {"fitValue":[{"value":{"intVal":7}}],"originDataSourceId":"derived:com.google.activity.samples:com.google.android.gms:samsung:SM-A505F:14cdfeadff18e29e:detailed","endTimeNanos":1616991548598000000,"dataTypeName":"com.google.activity.segment","startTimeNanos":1616991493224000000,"modifiedTimeMillis":1616992629415,"rawTimestampNanos":0},
        {"fitValue":[{"value":{"intVal":0}}],"originDataSourceId":"derived:com.google.activity.samples:com.google.android.gms:samsung:SM-A505F:14cdfeadff18e29e:detailed","endTimeNanos":1616995322844000000,"dataTypeName":"com.google.activity.segment","startTimeNanos":1616993772358000000,"modifiedTimeMillis":1617006732233,"rawTimestampNanos":0},
        {"fitValue":[{"value":{"intVal":0}}],"originDataSourceId":"derived:com.google.activity.samples:com.google.android.gms:samsung:SM-A505F:14cdfeadff18e29e:detailed","endTimeNanos":1616998181306000000,"dataTypeName":"com.google.activity.segment","startTimeNanos":1616996728250000000,"modifiedTimeMillis":1617006732233,"rawTimestampNanos":0},
        {"fitValue":[{"value":{"intVal":7}}],"originDataSourceId":"derived:com.google.activity.samples:com.google.android.gms:samsung:SM-A505F:14cdfeadff18e29e:detailed","endTimeNanos":1616998819446000000,"dataTypeName":"com.google.activity.segment","startTimeNanos":1616998684403000000,"modifiedTimeMillis":1617006732233,"rawTimestampNanos":0},
        {"fitValue":[{"value":{"intVal":7}}],"originDataSourceId":"derived:com.google.activity.samples:com.google.android.gms:samsung:SM-A505F:14cdfeadff18e29e:detailed","endTimeNanos":1617000800669000000,"dataTypeName":"com.google.activity.segment","startTimeNanos":1617000580810000000,"modifiedTimeMillis":1617006732233,"rawTimestampNanos":0},
        {"fitValue":[{"value":{"intVal":7}}],"originDataSourceId":"derived:com.google.activity.samples:com.google.android.gms:samsung:SM-A505F:14cdfeadff18e29e:detailed","endTimeNanos":1617002115177000000,"dataTypeName":"com.google.activity.segment","startTimeNanos":1617001961742000000,"modifiedTimeMillis":1617006732233,"rawTimestampNanos":0},
        {"fitValue":[{"value":{"intVal":7}}],"originDataSourceId":"derived:com.google.activity.samples:com.google.android.gms:samsung:SM-A505F:14cdfeadff18e29e:detailed","endTimeNanos":1617008299185000000,"dataTypeName":"com.google.activity.segment","startTimeNanos":1617008219306000000,"modifiedTimeMillis":1617011708557,"rawTimestampNanos":0},
        {"fitValue":[{"value":{"intVal":7}}],"originDataSourceId":"derived:com.google.activity.samples:com.google.android.gms:samsung:SM-A505F:14cdfeadff18e29e:detailed","endTimeNanos":1617008976162000000,"dataTypeName":"com.google.activity.segment","startTimeNanos":1617008770232000000,"modifiedTimeMillis":1617011708557,"rawTimestampNanos":0},
        {"fitValue":[{"value":{"intVal":7}}],"originDataSourceId":"derived:com.google.activity.samples:com.google.android.gms:samsung:SM-A505F:14cdfeadff18e29e:detailed","endTimeNanos":1617009287839000000,"dataTypeName":"com.google.activity.segment","startTimeNanos":1617009232675000000,"modifiedTimeMillis":1617011708557,"rawTimestampNanos":0},
        {"fitValue":[{"value":{"intVal":7}}],"originDataSourceId":"derived:com.google.activity.samples:com.google.android.gms:samsung:SM-A505F:14cdfeadff18e29e:detailed","endTimeNanos":1617013248600000000,"dataTypeName":"com.google.activity.segment","startTimeNanos":1617013193600000000,"modifiedTimeMillis":1617044648452,"rawTimestampNanos":0},
        {"fitValue":[{"value":{"intVal":7}}],"originDataSourceId":"derived:com.google.activity.samples:com.google.android.gms:samsung:SM-A505F:14cdfeadff18e29e:detailed","endTimeNanos":1617017422983000000,"dataTypeName":"com.google.activity.segment","startTimeNanos":1617017162090000000,"modifiedTimeMillis":1617044648452,"rawTimestampNanos":0},
        {"fitValue":[{"value":{"intVal":0}}],"originDataSourceId":"derived:com.google.activity.samples:com.google.android.gms:samsung:SM-A505F:14cdfeadff18e29e:detailed","endTimeNanos":1617182994666000000,"dataTypeName":"com.google.activity.segment","startTimeNanos":1617182019120000000,"modifiedTimeMillis":1617191938804,"rawTimestampNanos":0},
        {"fitValue":[{"value":{"intVal":7}}],"originDataSourceId":"derived:com.google.activity.samples:com.google.android.gms:samsung:SM-A505F:14cdfeadff18e29e:detailed","endTimeNanos":1617183345015000000,"dataTypeName":"com.google.activity.segment","startTimeNanos":1617183112787000000,"modifiedTimeMillis":1617191938804,"rawTimestampNanos":0},
        {"fitValue":[{"value":{"intVal":7}}],"originDataSourceId":"derived:com.google.activity.samples:com.google.android.gms:samsung:SM-A505F:14cdfeadff18e29e:detailed","endTimeNanos":1617188307435000000,"dataTypeName":"com.google.activity.segment","startTimeNanos":1617188153770000000,"modifiedTimeMillis":1617191938804,"rawTimestampNanos":0},
        {"fitValue":[{"value":{"intVal":7}}],"originDataSourceId":"derived:com.google.activity.samples:com.google.android.gms:samsung:SM-A505F:14cdfeadff18e29e:detailed","endTimeNanos":1617189992870000000,"dataTypeName":"com.google.activity.segment","startTimeNanos":1617189915688000000,"modifiedTimeMillis":1617191938804,"rawTimestampNanos":0},
        {"fitValue":[{"value":{"intVal":7}}],"originDataSourceId":"derived:com.google.activity.samples:com.google.android.gms:samsung:SM-A505F:14cdfeadff18e29e:detailed","endTimeNanos":1617207806186000000,"dataTypeName":"com.google.activity.segment","startTimeNanos":1617207679251000000,"modifiedTimeMillis":1617210045860,"rawTimestampNanos":0},
        {"fitValue":[{"value":{"intVal":7}}],"originDataSourceId":"derived:com.google.activity.samples:com.google.android.gms:samsung:SM-A505F:14cdfeadff18e29e:detailed","endTimeNanos":1617242083039000000,"dataTypeName":"com.google.activity.segment","startTimeNanos":1617242027925000000,"modifiedTimeMillis":1617243977353,"rawTimestampNanos":0},
        {"fitValue":[{"value":{"intVal":0}}],"originDataSourceId":"derived:com.google.activity.samples:com.google.android.gms:samsung:SM-A505F:14cdfeadff18e29e:detailed","endTimeNanos":1617253456392000000,"dataTypeName":"com.google.activity.segment","startTimeNanos":1617251982435000000,"modifiedTimeMillis":1617273687667,"rawTimestampNanos":0},
        {"fitValue":[{"value":{"intVal":0}}],"originDataSourceId":"derived:com.google.activity.samples:com.google.android.gms:samsung:SM-A505F:14cdfeadff18e29e:detailed","endTimeNanos":1617270873265000000,"dataTypeName":"com.google.activity.segment","startTimeNanos":1617269819818000000,"modifiedTimeMillis":1617273687667,"rawTimestampNanos":0},
        {"fitValue":[{"value":{"intVal":7}}],"originDataSourceId":"derived:com.google.activity.samples:com.google.android.gms:samsung:SM-A505F:14cdfeadff18e29e:detailed","endTimeNanos":1617281460943000000,"dataTypeName":"com.google.activity.segment","startTimeNanos":1617281435009000000,"modifiedTimeMillis":1617284841552,"rawTimestampNanos":0},
        {"fitValue":[{"value":{"intVal":1}}],"originDataSourceId":"derived:com.google.activity.samples:com.google.android.gms:samsung:SM-A505F:14cdfeadff18e29e:detailed","endTimeNanos":1617283331665000000,"dataTypeName":"com.google.activity.segment","startTimeNanos":1617281598662000000,"modifiedTimeMillis":1617284841552,"rawTimestampNanos":0},
        {"fitValue":[{"value":{"intVal":1}}],"originDataSourceId":"derived:com.google.activity.samples:com.google.android.gms:samsung:SM-A505F:14cdfeadff18e29e:detailed","endTimeNanos":1617366163949000000,"dataTypeName":"com.google.activity.segment","startTimeNanos":1617363234727000000,"modifiedTimeMillis":1617367431020,"rawTimestampNanos":0},
        {"fitValue":[{"value":{"intVal":7}}],"originDataSourceId":"derived:com.google.activity.samples:com.google.android.gms:samsung:SM-A505F:14cdfeadff18e29e:detailed","endTimeNanos":1617370905246000000,"dataTypeName":"com.google.activity.segment","startTimeNanos":1617370873492000000,"modifiedTimeMillis":1617374927685,"rawTimestampNanos":0},
        {"fitValue":[{"value":{"intVal":7}}],"originDataSourceId":"derived:com.google.activity.samples:com.google.android.gms:samsung:SM-A505F:14cdfeadff18e29e:detailed","endTimeNanos":1617447491986000000,"dataTypeName":"com.google.activity.segment","startTimeNanos":1617447369249000000,"modifiedTimeMillis":1617450333653,"rawTimestampNanos":0},
        {"fitValue":[{"value":{"intVal":7}}],"originDataSourceId":"derived:com.google.activity.samples:com.google.android.gms:samsung:SM-A505F:14cdfeadff18e29e:detailed","endTimeNanos":1617454083404000000,"dataTypeName":"com.google.activity.segment","startTimeNanos":1617453980939000000,"modifiedTimeMillis":1617462510618,"rawTimestampNanos":0},
        {"fitValue":[{"value":{"intVal":0}}],"originDataSourceId":"derived:com.google.activity.samples:com.google.android.gms:samsung:SM-A505F:14cdfeadff18e29e:detailed","endTimeNanos":1617458117300000000,"dataTypeName":"com.google.activity.segment","startTimeNanos":1617456819494000000,"modifiedTimeMillis":1617462510618,"rawTimestampNanos":0},
        {"fitValue":[{"value":{"intVal":7}}],"originDataSourceId":"derived:com.google.activity.samples:com.google.android.gms:samsung:SM-A505F:14cdfeadff18e29e:detailed","endTimeNanos":1617458780944000000,"dataTypeName":"com.google.activity.segment","startTimeNanos":1617458703660000000,"modifiedTimeMillis":1617462510618,"rawTimestampNanos":0},
        {"fitValue":[{"value":{"intVal":7}}],"originDataSourceId":"derived:com.google.activity.samples:com.google.android.gms:samsung:SM-A505F:14cdfeadff18e29e:detailed","endTimeNanos":1617510909773000000,"dataTypeName":"com.google.activity.segment","startTimeNanos":1617510812761000000,"modifiedTimeMillis":1617516338222,"rawTimestampNanos":0},
        {"fitValue":[{"value":{"intVal":1}}],"originDataSourceId":"derived:com.google.activity.samples:com.google.android.gms:samsung:SM-A505F:14cdfeadff18e29e:detailed","endTimeNanos":1617513962616000000,"dataTypeName":"com.google.activity.segment","startTimeNanos":1617513331274000000,"modifiedTimeMillis":1617516338222,"rawTimestampNanos":0},
        {"fitValue":[{"value":{"intVal":7}}],"originDataSourceId":"derived:com.google.activity.samples:com.google.android.gms:samsung:SM-A505F:14cdfeadff18e29e:detailed","endTimeNanos":1617537114409000000,"dataTypeName":"com.google.activity.segment","startTimeNanos":1617536964734000000,"modifiedTimeMillis":1617538236775,"rawTimestampNanos":0},
        {"fitValue":[{"value":{"intVal":1}}],"originDataSourceId":"derived:com.google.activity.samples:com.google.android.gms:samsung:SM-A505F:14cdfeadff18e29e:detailed","endTimeNanos":1617542237457000000,"dataTypeName":"com.google.activity.segment","startTimeNanos":1617538358947000000,"modifiedTimeMillis":1617550109670,"rawTimestampNanos":0},
        {"fitValue":[{"value":{"intVal":7}}],"originDataSourceId":"derived:com.google.activity.samples:com.google.android.gms:samsung:SM-A505F:14cdfeadff18e29e:detailed","endTimeNanos":1617551980310000000,"dataTypeName":"com.google.activity.segment","startTimeNanos":1617551869548000000,"modifiedTimeMillis":1617553713148,"rawTimestampNanos":0},
        {"fitValue":[{"value":{"intVal":7}}],"originDataSourceId":"derived:com.google.activity.samples:com.google.android.gms:samsung:SM-A505F:14cdfeadff18e29e:detailed","endTimeNanos":1617555140468000000,"dataTypeName":"com.google.activity.segment","startTimeNanos":1617555093837000000,"modifiedTimeMillis":1617560984494,"rawTimestampNanos":0},
        {"fitValue":[{"value":{"intVal":0}}],"originDataSourceId":"derived:com.google.activity.samples:com.google.android.gms:samsung:SM-A505F:14cdfeadff18e29e:detailed","endTimeNanos":1617558605067000000,"dataTypeName":"com.google.activity.segment","startTimeNanos":1617555140468000000,"modifiedTimeMillis":1617560984494,"rawTimestampNanos":0},
        {"fitValue":[{"value":{"intVal":7}}],"originDataSourceId":"derived:com.google.activity.samples:com.google.android.gms:samsung:SM-A505F:14cdfeadff18e29e:detailed","endTimeNanos":1617629183458000000,"dataTypeName":"com.google.activity.segment","startTimeNanos":1617628819648000000,"modifiedTimeMillis":1617636302228,"rawTimestampNanos":0},
        {"fitValue":[{"value":{"intVal":0}}],"originDataSourceId":"derived:com.google.activity.samples:com.google.android.gms:samsung:SM-A505F:14cdfeadff18e29e:detailed","endTimeNanos":1617630168119000000,"dataTypeName":"com.google.activity.segment","startTimeNanos":1617629497689000000,"modifiedTimeMillis":1617636302228,"rawTimestampNanos":0},
        {"fitValue":[{"value":{"intVal":7}}],"originDataSourceId":"derived:com.google.activity.samples:com.google.android.gms:samsung:SM-A505F:14cdfeadff18e29e:detailed","endTimeNanos":1617633081235000000,"dataTypeName":"com.google.activity.segment","startTimeNanos":1617632809963000000,"modifiedTimeMillis":1617636302228,"rawTimestampNanos":0},
        {"fitValue":[{"value":{"intVal":0}}],"originDataSourceId":"derived:com.google.activity.samples:com.google.android.gms:samsung:SM-A505F:14cdfeadff18e29e:detailed","endTimeNanos":1617633954843000000,"dataTypeName":"com.google.activity.segment","startTimeNanos":1617633081235000000,"modifiedTimeMillis":1617636302228,"rawTimestampNanos":0},
        {"fitValue":[{"value":{"intVal":7}}],"originDataSourceId":"derived:com.google.activity.samples:com.google.android.gms:samsung:SM-A505F:14cdfeadff18e29e:detailed","endTimeNanos":1617635261120000000,"dataTypeName":"com.google.activity.segment","startTimeNanos":1617633954843000000,"modifiedTimeMillis":1617636302228,"rawTimestampNanos":0},
        {"fitValue":[{"value":{"intVal":7}}],"originDataSourceId":"derived:com.google.activity.samples:com.google.android.gms:samsung:SM-A505F:14cdfeadff18e29e:detailed","endTimeNanos":1617635631676000000,"dataTypeName":"com.google.activity.segment","startTimeNanos":1617635411557000000,"modifiedTimeMillis":1617636302228,"rawTimestampNanos":0},
        {"fitValue":[{"value":{"intVal":7}}],"originDataSourceId":"derived:com.google.activity.samples:com.google.android.gms:samsung:SM-A505F:14cdfeadff18e29e:detailed","endTimeNanos":1617635856134000000,"dataTypeName":"com.google.activity.segment","startTimeNanos":1617635759053000000,"modifiedTimeMillis":1617636302228,"rawTimestampNanos":0},
        {"fitValue":[{"value":{"intVal":0}}],"originDataSourceId":"derived:com.google.activity.samples:com.google.android.gms:samsung:SM-A505F:14cdfeadff18e29e:detailed","endTimeNanos":1617703053555000000,"dataTypeName":"com.google.activity.segment","startTimeNanos":1617700847066000000,"modifiedTimeMillis":1617716561186,"rawTimestampNanos":0},
        {"fitValue":[{"value":{"intVal":7}}],"originDataSourceId":"derived:com.google.activity.samples:com.google.android.gms:samsung:SM-A505F:14cdfeadff18e29e:detailed","endTimeNanos":1617703197558000000,"dataTypeName":"com.google.activity.segment","startTimeNanos":1617703053555000000,"modifiedTimeMillis":1617716561186,"rawTimestampNanos":0},
        {"fitValue":[{"value":{"intVal":7}}],"originDataSourceId":"derived:com.google.activity.samples:com.google.android.gms:samsung:SM-A505F:14cdfeadff18e29e:detailed","endTimeNanos":1617712325501000000,"dataTypeName":"com.google.activity.segment","startTimeNanos":1617712244789000000,"modifiedTimeMillis":1617716561186,"rawTimestampNanos":0},
        {"fitValue":[{"value":{"intVal":7}}],"originDataSourceId":"derived:com.google.activity.samples:com.google.android.gms:samsung:SM-A505F:14cdfeadff18e29e:detailed","endTimeNanos":1617712910698000000,"dataTypeName":"com.google.activity.segment","startTimeNanos":1617712758406000000,"modifiedTimeMillis":1617716561186,"rawTimestampNanos":0},
        {"fitValue":[{"value":{"intVal":0}}],"originDataSourceId":"derived:com.google.activity.samples:com.google.android.gms:samsung:SM-A505F:14cdfeadff18e29e:detailed","endTimeNanos":1617715293189000000,"dataTypeName":"com.google.activity.segment","startTimeNanos":1617713194493000000,"modifiedTimeMillis":1617716561186,"rawTimestampNanos":0},
        {"fitValue":[{"value":{"intVal":7}}],"originDataSourceId":"derived:com.google.activity.samples:com.google.android.gms:samsung:SM-A505F:14cdfeadff18e29e:detailed","endTimeNanos":1617893433690000000,"dataTypeName":"com.google.activity.segment","startTimeNanos":1617893357539000000,"modifiedTimeMillis":1617898361822,"rawTimestampNanos":0},
        {"fitValue":[{"value":{"intVal":7}}],"originDataSourceId":"derived:com.google.activity.samples:com.google.android.gms:samsung:SM-A505F:14cdfeadff18e29e:detailed","endTimeNanos":1617894232882000000,"dataTypeName":"com.google.activity.segment","startTimeNanos":1617894079856000000,"modifiedTimeMillis":1617898361822,"rawTimestampNanos":0},
        {"fitValue":[{"value":{"intVal":0}}],"originDataSourceId":"derived:com.google.activity.samples:com.google.android.gms:samsung:SM-A505F:14cdfeadff18e29e:detailed","endTimeNanos":1617895505457000000,"dataTypeName":"com.google.activity.segment","startTimeNanos":1617894305420000000,"modifiedTimeMillis":1617898361822,"rawTimestampNanos":0},
        {"fitValue":[{"value":{"intVal":7}}],"originDataSourceId":"derived:com.google.activity.samples:com.google.android.gms:samsung:SM-A505F:14cdfeadff18e29e:detailed","endTimeNanos":1617895749719000000,"dataTypeName":"com.google.activity.segment","startTimeNanos":1617895505457000000,"modifiedTimeMillis":1617898361822,"rawTimestampNanos":0},
        {"fitValue":[{"value":{"intVal":7}}],"originDataSourceId":"derived:com.google.activity.samples:com.google.android.gms:samsung:SM-A505F:14cdfeadff18e29e:detailed","endTimeNanos":1617895953661000000,"dataTypeName":"com.google.activity.segment","startTimeNanos":1617895877192000000,"modifiedTimeMillis":1617898361822,"rawTimestampNanos":0},
        {"fitValue":[{"value":{"intVal":0}}],"originDataSourceId":"derived:com.google.activity.samples:com.google.android.gms:samsung:SM-A505F:14cdfeadff18e29e:detailed","endTimeNanos":1617897364746000000,"dataTypeName":"com.google.activity.segment","startTimeNanos":1617896680785000000,"modifiedTimeMillis":1617898361822,"rawTimestampNanos":0},
        {"fitValue":[{"value":{"intVal":7}}],"originDataSourceId":"derived:com.google.activity.samples:com.google.android.gms:samsung:SM-A505F:14cdfeadff18e29e:detailed","endTimeNanos":1617897441284000000,"dataTypeName":"com.google.activity.segment","startTimeNanos":1617897364746000000,"modifiedTimeMillis":1617898361822,"rawTimestampNanos":0},
        {"fitValue":[{"value":{"intVal":7}}],"originDataSourceId":"derived:com.google.activity.samples:com.google.android.gms:samsung:SM-A505F:14cdfeadff18e29e:detailed","endTimeNanos":1617952362335000000,"dataTypeName":"com.google.activity.segment","startTimeNanos":1617951741386000000,"modifiedTimeMillis":1617968799331,"rawTimestampNanos":0},
        {"fitValue":[{"value":{"intVal":0}}],"originDataSourceId":"derived:com.google.activity.samples:com.google.android.gms:samsung:SM-A505F:14cdfeadff18e29e:detailed","endTimeNanos":1617955178978000000,"dataTypeName":"com.google.activity.segment","startTimeNanos":1617953706742000000,"modifiedTimeMillis":1617968799331,"rawTimestampNanos":0},
        {"fitValue":[{"value":{"intVal":7}}],"originDataSourceId":"derived:com.google.activity.samples:com.google.android.gms:samsung:SM-A505F:14cdfeadff18e29e:detailed","endTimeNanos":1617957424250000000,"dataTypeName":"com.google.activity.segment","startTimeNanos":1617957341152000000,"modifiedTimeMillis":1617968799331,"rawTimestampNanos":0},
        {"fitValue":[{"value":{"intVal":7}}],"originDataSourceId":"derived:com.google.activity.samples:com.google.android.gms:samsung:SM-A505F:14cdfeadff18e29e:detailed","endTimeNanos":1617962377334000000,"dataTypeName":"com.google.activity.segment","startTimeNanos":1617962324728000000,"modifiedTimeMillis":1617968799331,"rawTimestampNanos":0},
        {"fitValue":[{"value":{"intVal":7}}],"originDataSourceId":"derived:com.google.activity.samples:com.google.android.gms:samsung:SM-A505F:14cdfeadff18e29e:detailed","endTimeNanos":1617965357800000000,"dataTypeName":"com.google.activity.segment","startTimeNanos":1617965301675000000,"modifiedTimeMillis":1617968799331,"rawTimestampNanos":0},
        {"fitValue":[{"value":{"intVal":7}}],"originDataSourceId":"derived:com.google.activity.samples:com.google.android.gms:samsung:SM-A505F:14cdfeadff18e29e:detailed","endTimeNanos":1617966184631000000,"dataTypeName":"com.google.activity.segment","startTimeNanos":1617966025333000000,"modifiedTimeMillis":1617968799331,"rawTimestampNanos":0},
        {"fitValue":[{"value":{"intVal":7}}],"originDataSourceId":"derived:com.google.activity.samples:com.google.android.gms:samsung:SM-A505F:14cdfeadff18e29e:detailed","endTimeNanos":1617975489397000000,"dataTypeName":"com.google.activity.segment","startTimeNanos":1617975207682000000,"modifiedTimeMillis":1617976278409,"rawTimestampNanos":0},
        {"fitValue":[{"value":{"intVal":0}}],"originDataSourceId":"derived:com.google.activity.samples:com.google.android.gms:samsung:SM-A505F:14cdfeadff18e29e:detailed","endTimeNanos":1617978480866000000,"dataTypeName":"com.google.activity.segment","startTimeNanos":1617975489397000000,"modifiedTimeMillis":1617979737766,"rawTimestampNanos":0},
        {"fitValue":[{"value":{"intVal":7}}],"originDataSourceId":"derived:com.google.activity.samples:com.google.android.gms:samsung:SM-A505F:14cdfeadff18e29e:detailed","endTimeNanos":1617984505171000000,"dataTypeName":"com.google.activity.segment","startTimeNanos":1617984429386000000,"modifiedTimeMillis":1617986923619,"rawTimestampNanos":0},
        {"fitValue":[{"value":{"intVal":7}}],"originDataSourceId":"derived:com.google.activity.samples:com.google.android.gms:samsung:SM-A505F:14cdfeadff18e29e:detailed","endTimeNanos":1618058503628000000,"dataTypeName":"com.google.activity.segment","startTimeNanos":1618058350222000000,"modifiedTimeMillis":1618064491318,"rawTimestampNanos":0},
        {"fitValue":[{"value":{"intVal":0}}],"originDataSourceId":"derived:com.google.activity.samples:com.google.android.gms:samsung:SM-A505F:14cdfeadff18e29e:detailed","endTimeNanos":1618059727929000000,"dataTypeName":"com.google.activity.segment","startTimeNanos":1618058635290000000,"modifiedTimeMillis":1618064491318,"rawTimestampNanos":0},
        {"fitValue":[{"value":{"intVal":7}}],"originDataSourceId":"derived:com.google.activity.samples:com.google.android.gms:samsung:SM-A505F:14cdfeadff18e29e:detailed","endTimeNanos":1618061270718000000,"dataTypeName":"com.google.activity.segment","startTimeNanos":1618059727929000000,"modifiedTimeMillis":1618064491318,"rawTimestampNanos":0},
        {"fitValue":[{"value":{"intVal":7}}],"originDataSourceId":"derived:com.google.activity.samples:com.google.android.gms:samsung:SM-A505F:14cdfeadff18e29e:detailed","endTimeNanos":1618116655558000000,"dataTypeName":"com.google.activity.segment","startTimeNanos":1618116604962000000,"modifiedTimeMillis":1618119028284,"rawTimestampNanos":0},
        {"fitValue":[{"value":{"intVal":7}}],"originDataSourceId":"derived:com.google.activity.samples:com.google.android.gms:samsung:SM-A505F:14cdfeadff18e29e:detailed","endTimeNanos":1618117091137000000,"dataTypeName":"com.google.activity.segment","startTimeNanos":1618117019583000000,"modifiedTimeMillis":1618119028284,"rawTimestampNanos":0},
        {"fitValue":[{"value":{"intVal":7}}],"originDataSourceId":"derived:com.google.activity.samples:com.google.android.gms:samsung:SM-A505F:14cdfeadff18e29e:detailed","endTimeNanos":1618151516033000000,"dataTypeName":"com.google.activity.segment","startTimeNanos":1618151422664000000,"modifiedTimeMillis":1618151928938,"rawTimestampNanos":0},
        {"fitValue":[{"value":{"intVal":7}}],"originDataSourceId":"derived:com.google.activity.samples:com.google.android.gms:samsung:SM-A505F:14cdfeadff18e29e:detailed","endTimeNanos":1618155808994000000,"dataTypeName":"com.google.activity.segment","startTimeNanos":1618155754064000000,"modifiedTimeMillis":1618160611297,"rawTimestampNanos":0},
        {"fitValue":[{"value":{"intVal":0}}],"originDataSourceId":"derived:com.google.activity.samples:com.google.android.gms:samsung:SM-A505F:14cdfeadff18e29e:detailed","endTimeNanos":1618240675064000000,"dataTypeName":"com.google.activity.segment","startTimeNanos":1618239929084000000,"modifiedTimeMillis":1618246129871,"rawTimestampNanos":0},
        {"fitValue":[{"value":{"intVal":0}}],"originDataSourceId":"derived:com.google.activity.samples:com.google.android.gms:samsung:SM-A505F:14cdfeadff18e29e:detailed","endTimeNanos":1618243233814000000,"dataTypeName":"com.google.activity.segment","startTimeNanos":1618242697120000000,"modifiedTimeMillis":1618246129871,"rawTimestampNanos":0},
        {"fitValue":[{"value":{"intVal":0}}],"originDataSourceId":"derived:com.google.activity.samples:com.google.android.gms:samsung:SM-A505F:14cdfeadff18e29e:detailed","endTimeNanos":1618319075842000000,"dataTypeName":"com.google.activity.segment","startTimeNanos":1618318430155000000,"modifiedTimeMillis":1618321421754,"rawTimestampNanos":0},
        {"fitValue":[{"value":{"intVal":7}}],"originDataSourceId":"derived:com.google.activity.samples:com.google.android.gms:samsung:SM-A505F:14cdfeadff18e29e:detailed","endTimeNanos":1618319987674000000,"dataTypeName":"com.google.activity.segment","startTimeNanos":1618319754123000000,"modifiedTimeMillis":1618321421754,"rawTimestampNanos":0},
        {"fitValue":[{"value":{"intVal":7}}],"originDataSourceId":"derived:com.google.activity.samples:com.google.android.gms:samsung:SM-A505F:14cdfeadff18e29e:detailed","endTimeNanos":1618376739669000000,"dataTypeName":"com.google.activity.segment","startTimeNanos":1618376642685000000,"modifiedTimeMillis":1618379980652,"rawTimestampNanos":0},
        {"fitValue":[{"value":{"intVal":7}}],"originDataSourceId":"derived:com.google.activity.samples:com.google.android.gms:samsung:SM-A505F:14cdfeadff18e29e:detailed","endTimeNanos":1618382844676000000,"dataTypeName":"com.google.activity.segment","startTimeNanos":1618382378766000000,"modifiedTimeMillis":1618383633585,"rawTimestampNanos":0},
        {"fitValue":[{"value":{"intVal":7}}],"originDataSourceId":"derived:com.google.activity.samples:com.google.android.gms:samsung:SM-A505F:14cdfeadff18e29e:detailed","endTimeNanos":1618396323966000000,"dataTypeName":"com.google.activity.segment","startTimeNanos":1618396188067000000,"modifiedTimeMillis":1618398040426,"rawTimestampNanos":0},
        {"fitValue":[{"value":{"intVal":0}}],"originDataSourceId":"derived:com.google.activity.samples:com.google.android.gms:samsung:SM-A505F:14cdfeadff18e29e:detailed","endTimeNanos":1618453054904000000,"dataTypeName":"com.google.activity.segment","startTimeNanos":1618452305080000000,"modifiedTimeMillis":1618469860577,"rawTimestampNanos":0},
        {"fitValue":[{"value":{"intVal":7}}],"originDataSourceId":"derived:com.google.activity.samples:com.google.android.gms:samsung:SM-A505F:14cdfeadff18e29e:detailed","endTimeNanos":1618466721779000000,"dataTypeName":"com.google.activity.segment","startTimeNanos":1618466020667000000,"modifiedTimeMillis":1618469860577,"rawTimestampNanos":0},
        {"fitValue":[{"value":{"intVal":0}}],"originDataSourceId":"derived:com.google.activity.samples:com.google.android.gms:samsung:SM-A505F:14cdfeadff18e29e:detailed","endTimeNanos":1618467718573000000,"dataTypeName":"com.google.activity.segment","startTimeNanos":1618466721779000000,"modifiedTimeMillis":1618469860577,"rawTimestampNanos":0},
        {"fitValue":[{"value":{"intVal":0}}],"originDataSourceId":"derived:com.google.activity.samples:com.google.android.gms:samsung:SM-A505F:14cdfeadff18e29e:detailed","endTimeNanos":1618555293388000000,"dataTypeName":"com.google.activity.segment","startTimeNanos":1618554909278000000,"modifiedTimeMillis":1618555702084,"rawTimestampNanos":0},
        {"fitValue":[{"value":{"intVal":7}}],"originDataSourceId":"derived:com.google.activity.samples:com.google.android.gms:samsung:SM-A505F:14cdfeadff18e29e:detailed","endTimeNanos":1618640543793000000,"dataTypeName":"com.google.activity.segment","startTimeNanos":1618640459301000000,"modifiedTimeMillis":1618643024587,"rawTimestampNanos":0},
        {"fitValue":[{"value":{"intVal":7}}],"originDataSourceId":"derived:com.google.activity.samples:com.google.android.gms:samsung:SM-A505F:14cdfeadff18e29e:detailed","endTimeNanos":1618663246283000000,"dataTypeName":"com.google.activity.segment","startTimeNanos":1618662982239000000,"modifiedTimeMillis":1618665646750,"rawTimestampNanos":0},
        {"fitValue":[{"value":{"intVal":7}}],"originDataSourceId":"derived:com.google.activity.samples:com.google.android.gms:samsung:SM-A505F:14cdfeadff18e29e:detailed","endTimeNanos":1618715352458000000,"dataTypeName":"com.google.activity.segment","startTimeNanos":1618715315449000000,"modifiedTimeMillis":1618717200680,"rawTimestampNanos":0},
        {"fitValue":[{"value":{"intVal":8}}],"originDataSourceId":"derived:com.google.activity.samples:com.google.android.gms:samsung:SM-A505F:14cdfeadff18e29e:detailed","endTimeNanos":1618818986551000000,"dataTypeName":"com.google.activity.segment","startTimeNanos":1618818889906000000,"modifiedTimeMillis":1618819890988,"rawTimestampNanos":0},
        {"fitValue":[{"value":{"intVal":7}}],"originDataSourceId":"derived:com.google.activity.samples:com.google.android.gms:samsung:SM-A505F:14cdfeadff18e29e:detailed","endTimeNanos":1618825880089000000,"dataTypeName":"com.google.activity.segment","startTimeNanos":1618825743904000000,"modifiedTimeMillis":1618827064591,"rawTimestampNanos":0},
        {"fitValue":[{"value":{"intVal":8}}],"originDataSourceId":"derived:com.google.activity.samples:com.google.android.gms:samsung:SM-A505F:14cdfeadff18e29e:detailed","endTimeNanos":1618830509544000000,"dataTypeName":"com.google.activity.segment","startTimeNanos":1618830433755000000,"modifiedTimeMillis":1618830674787,"rawTimestampNanos":0},
        {"fitValue":[{"value":{"intVal":7}}],"originDataSourceId":"derived:com.google.activity.samples:com.google.android.gms:samsung:SM-A505F:14cdfeadff18e29e:detailed","endTimeNanos":1618831226462000000,"dataTypeName":"com.google.activity.segment","startTimeNanos":1618831078500000000,"modifiedTimeMillis":1618835245611,"rawTimestampNanos":0},
        {"fitValue":[{"value":{"intVal":0}}],"originDataSourceId":"derived:com.google.activity.samples:com.google.android.gms:samsung:SM-A505F:14cdfeadff18e29e:detailed","endTimeNanos":1618832973734000000,"dataTypeName":"com.google.activity.segment","startTimeNanos":1618831226462000000,"modifiedTimeMillis":1618835245611,"rawTimestampNanos":0},
        {"fitValue":[{"value":{"intVal":1}}],"originDataSourceId":"derived:com.google.activity.samples:com.google.android.gms:samsung:SM-A505F:14cdfeadff18e29e:detailed","endTimeNanos":1618836972510000000,"dataTypeName":"com.google.activity.segment","startTimeNanos":1618835560434000000,"modifiedTimeMillis":1618839127891,"rawTimestampNanos":0},
        {"fitValue":[{"value":{"intVal":0}}],"originDataSourceId":"derived:com.google.activity.samples:com.google.android.gms:samsung:SM-A505F:14cdfeadff18e29e:detailed","endTimeNanos":1618851317379000000,"dataTypeName":"com.google.activity.segment","startTimeNanos":1618849127578000000,"modifiedTimeMillis":1618853361059,"rawTimestampNanos":0},
        {"fitValue":[{"value":{"intVal":7}}],"originDataSourceId":"derived:com.google.activity.samples:com.google.android.gms:samsung:SM-A505F:14cdfeadff18e29e:detailed","endTimeNanos":1618883835598000000,"dataTypeName":"com.google.activity.segment","startTimeNanos":1618883703591000000,"modifiedTimeMillis":1618891956147,"rawTimestampNanos":0},
        {"fitValue":[{"value":{"intVal":0}}],"originDataSourceId":"derived:com.google.activity.samples:com.google.android.gms:samsung:SM-A505F:14cdfeadff18e29e:detailed","endTimeNanos":1618884450465000000,"dataTypeName":"com.google.activity.segment","startTimeNanos":1618883835598000000,"modifiedTimeMillis":1618891956147,"rawTimestampNanos":0},
        {"fitValue":[{"value":{"intVal":0}}],"originDataSourceId":"derived:com.google.activity.samples:com.google.android.gms:samsung:SM-A505F:14cdfeadff18e29e:detailed","endTimeNanos":1618886614021000000,"dataTypeName":"com.google.activity.segment","startTimeNanos":1618885923124000000,"modifiedTimeMillis":1618891956147,"rawTimestampNanos":0},
        {"fitValue":[{"value":{"intVal":7}}],"originDataSourceId":"derived:com.google.activity.samples:com.google.android.gms:samsung:SM-A505F:14cdfeadff18e29e:detailed","endTimeNanos":1619157907919000000,"dataTypeName":"com.google.activity.segment","startTimeNanos":1619157765943000000,"modifiedTimeMillis":1619158918182,"rawTimestampNanos":0},
        {"fitValue":[{"value":{"intVal":7}}],"originDataSourceId":"derived:com.google.activity.samples:com.google.android.gms:samsung:SM-A505F:14cdfeadff18e29e:detailed","endTimeNanos":1619158645679000000,"dataTypeName":"com.google.activity.segment","startTimeNanos":1619158548026000000,"modifiedTimeMillis":1619163033465,"rawTimestampNanos":0},
        {"fitValue":[{"value":{"intVal":1}}],"originDataSourceId":"derived:com.google.activity.samples:com.google.android.gms:samsung:SM-A505F:14cdfeadff18e29e:detailed","endTimeNanos":1619162340461000000,"dataTypeName":"com.google.activity.segment","startTimeNanos":1619160378308000000,"modifiedTimeMillis":1619163033465,"rawTimestampNanos":0},
        {"fitValue":[{"value":{"intVal":7}}],"originDataSourceId":"derived:com.google.activity.samples:com.google.android.gms:samsung:SM-A505F:14cdfeadff18e29e:detailed","endTimeNanos":1619179130089000000,"dataTypeName":"com.google.activity.segment","startTimeNanos":1619179066415000000,"modifiedTimeMillis":1619181989823,"rawTimestampNanos":0},
        {"fitValue":[{"value":{"intVal":7}}],"originDataSourceId":"derived:com.google.activity.samples:com.google.android.gms:samsung:SM-A505F:14cdfeadff18e29e:detailed","endTimeNanos":1619286319721000000,"dataTypeName":"com.google.activity.segment","startTimeNanos":1619286241597000000,"modifiedTimeMillis":1619288969351,"rawTimestampNanos":0},
        {"fitValue":[{"value":{"intVal":7}}],"originDataSourceId":"derived:com.google.activity.samples:com.google.android.gms:samsung:SM-A505F:14cdfeadff18e29e:detailed","endTimeNanos":1619357620620000000,"dataTypeName":"com.google.activity.segment","startTimeNanos":1619357563567000000,"modifiedTimeMillis":1619358940122,"rawTimestampNanos":0},
        {"fitValue":[{"value":{"intVal":7}}],"originDataSourceId":"derived:com.google.activity.samples:com.google.android.gms:samsung:SM-A505F:14cdfeadff18e29e:detailed","endTimeNanos":1619360043241000000,"dataTypeName":"com.google.activity.segment","startTimeNanos":1619359992140000000,"modifiedTimeMillis":1619362541356,"rawTimestampNanos":0},
        {"fitValue":[{"value":{"intVal":7}}],"originDataSourceId":"derived:com.google.activity.samples:com.google.android.gms:samsung:SM-A505F:14cdfeadff18e29e:detailed","endTimeNanos":1619360192418000000,"dataTypeName":"com.google.activity.segment","startTimeNanos":1619360115198000000,"modifiedTimeMillis":1619362541356,"rawTimestampNanos":0},
        {"fitValue":[{"value":{"intVal":7}}],"originDataSourceId":"derived:com.google.activity.samples:com.google.android.gms:samsung:SM-A505F:14cdfeadff18e29e:detailed","endTimeNanos":1619362034530000000,"dataTypeName":"com.google.activity.segment","startTimeNanos":1619361958386000000,"modifiedTimeMillis":1619362541356,"rawTimestampNanos":0},
        {"fitValue":[{"value":{"intVal":7}}],"originDataSourceId":"derived:com.google.activity.samples:com.google.android.gms:samsung:SM-A505F:14cdfeadff18e29e:detailed","endTimeNanos":1619493500662000000,"dataTypeName":"com.google.activity.segment","startTimeNanos":1619493423997000000,"modifiedTimeMillis":1619494515563,"rawTimestampNanos":0},
        {"fitValue":[{"value":{"intVal":7}}],"originDataSourceId":"derived:com.google.activity.samples:com.google.android.gms:samsung:SM-A505F:14cdfeadff18e29e:detailed","endTimeNanos":1619621967509000000,"dataTypeName":"com.google.activity.segment","startTimeNanos":1619621831725000000,"modifiedTimeMillis":1619622347076,"rawTimestampNanos":0},
        {"fitValue":[{"value":{"intVal":7}}],"originDataSourceId":"derived:com.google.activity.samples:com.google.android.gms:samsung:SM-A505F:14cdfeadff18e29e:detailed","endTimeNanos":1619676925488000000,"dataTypeName":"com.google.activity.segment","startTimeNanos":1619676641803000000,"modifiedTimeMillis":1619677025121,"rawTimestampNanos":0},
        {"fitValue":[{"value":{"intVal":7}}],"originDataSourceId":"derived:com.google.activity.samples:com.google.android.gms:samsung:SM-A505F:14cdfeadff18e29e:detailed","endTimeNanos":1619704935138000000,"dataTypeName":"com.google.activity.segment","startTimeNanos":1619704802829000000,"modifiedTimeMillis":1619707958925,"rawTimestampNanos":0},
        {"fitValue":[{"value":{"intVal":7}}],"originDataSourceId":"derived:com.google.activity.samples:com.google.android.gms:samsung:SM-A505F:14cdfeadff18e29e:detailed","endTimeNanos":1619963804159000000,"dataTypeName":"com.google.activity.segment","startTimeNanos":1619963705774000000,"modifiedTimeMillis":1619967017561,"rawTimestampNanos":0},
        {"fitValue":[{"value":{"intVal":7}}],"originDataSourceId":"derived:com.google.activity.samples:com.google.android.gms:samsung:SM-A505F:14cdfeadff18e29e:detailed","endTimeNanos":1620013831858000000,"dataTypeName":"com.google.activity.segment","startTimeNanos":1620013762619000000,"modifiedTimeMillis":1620013955052,"rawTimestampNanos":0},
        {"fitValue":[{"value":{"intVal":7}}],"originDataSourceId":"derived:com.google.activity.samples:com.google.android.gms:samsung:SM-A505F:14cdfeadff18e29e:detailed","endTimeNanos":1620037075214000000,"dataTypeName":"com.google.activity.segment","startTimeNanos":1620037028496000000,"modifiedTimeMillis":1620038039152,"rawTimestampNanos":0},
        {"fitValue":[{"value":{"intVal":7}}],"originDataSourceId":"derived:com.google.activity.samples:com.google.android.gms:samsung:SM-A505F:14cdfeadff18e29e:detailed","endTimeNanos":1620038837056000000,"dataTypeName":"com.google.activity.segment","startTimeNanos":1620038742124000000,"modifiedTimeMillis":1620041644572,"rawTimestampNanos":0},
        {"fitValue":[{"value":{"intVal":7}}],"originDataSourceId":"derived:com.google.activity.samples:com.google.android.gms:samsung:SM-A505F:14cdfeadff18e29e:detailed","endTimeNanos":1620044970533000000,"dataTypeName":"com.google.activity.segment","startTimeNanos":1620044841604000000,"modifiedTimeMillis":1620049455090,"rawTimestampNanos":0},
        {"fitValue":[{"value":{"intVal":7}}],"originDataSourceId":"derived:com.google.activity.samples:com.google.android.gms:samsung:SM-A505F:14cdfeadff18e29e:detailed","endTimeNanos":1620104067525000000,"dataTypeName":"com.google.activity.segment","startTimeNanos":1620103921275000000,"modifiedTimeMillis":1620107176412,"rawTimestampNanos":0},
        {"fitValue":[{"value":{"intVal":0}}],"originDataSourceId":"derived:com.google.activity.samples:com.google.android.gms:samsung:SM-A505F:14cdfeadff18e29e:detailed","endTimeNanos":1620218894853000000,"dataTypeName":"com.google.activity.segment","startTimeNanos":1620217649179000000,"modifiedTimeMillis":1620221081124,"rawTimestampNanos":0},
        {"fitValue":[{"value":{"intVal":7}}],"originDataSourceId":"derived:com.google.activity.samples:com.google.android.gms:samsung:SM-A505F:14cdfeadff18e29e:detailed","endTimeNanos":1620310461505000000,"dataTypeName":"com.google.activity.segment","startTimeNanos":1620310390920000000,"modifiedTimeMillis":1620312748847,"rawTimestampNanos":0},
        {"fitValue":[{"value":{"intVal":7}}],"originDataSourceId":"derived:com.google.activity.samples:com.google.android.gms:samsung:SM-A505F:14cdfeadff18e29e:detailed","endTimeNanos":1620363144836000000,"dataTypeName":"com.google.activity.segment","startTimeNanos":1620363077682000000,"modifiedTimeMillis":1620374147602,"rawTimestampNanos":0},
        {"fitValue":[{"value":{"intVal":0}}],"originDataSourceId":"derived:com.google.activity.samples:com.google.android.gms:samsung:SM-A505F:14cdfeadff18e29e:detailed","endTimeNanos":1620369888792000000,"dataTypeName":"com.google.activity.segment","startTimeNanos":1620363144836000000,"modifiedTimeMillis":1620374147602,"rawTimestampNanos":0},
        {"fitValue":[{"value":{"intVal":7}}],"originDataSourceId":"derived:com.google.activity.samples:com.google.android.gms:samsung:SM-A505F:14cdfeadff18e29e:detailed","endTimeNanos":1620395534239000000,"dataTypeName":"com.google.activity.segment","startTimeNanos":1620395479053000000,"modifiedTimeMillis":1620396091627,"rawTimestampNanos":0},
        {"fitValue":[{"value":{"intVal":0}}],"originDataSourceId":"derived:com.google.activity.samples:com.google.android.gms:samsung:SM-A505F:14cdfeadff18e29e:detailed","endTimeNanos":1620451663420000000,"dataTypeName":"com.google.activity.segment","startTimeNanos":1620449740184000000,"modifiedTimeMillis":1620452348250,"rawTimestampNanos":0},
        {"fitValue":[{"value":{"intVal":0}}],"originDataSourceId":"derived:com.google.activity.samples:com.google.android.gms:samsung:SM-A505F:14cdfeadff18e29e:detailed","endTimeNanos":1620543621643000000,"dataTypeName":"com.google.activity.segment","startTimeNanos":1620540701831000000,"modifiedTimeMillis":1620544918861,"rawTimestampNanos":0},
        {"fitValue":[{"value":{"intVal":7}}],"originDataSourceId":"derived:com.google.activity.samples:com.google.android.gms:samsung:SM-A505F:14cdfeadff18e29e:detailed","endTimeNanos":1620584250368000000,"dataTypeName":"com.google.activity.segment","startTimeNanos":1620584209424000000,"modifiedTimeMillis":1620585117971,"rawTimestampNanos":0},
        {"fitValue":[{"value":{"intVal":7}}],"originDataSourceId":"derived:com.google.activity.samples:com.google.android.gms:samsung:SM-A505F:14cdfeadff18e29e:detailed","endTimeNanos":1620635060355000000,"dataTypeName":"com.google.activity.segment","startTimeNanos":1620635017268000000,"modifiedTimeMillis":1620637759738,"rawTimestampNanos":0},
        {"fitValue":[{"value":{"intVal":8}}],"originDataSourceId":"derived:com.google.activity.samples:com.google.android.gms:samsung:SM-A505F:14cdfeadff18e29e:detailed","endTimeNanos":1620656889458000000,"dataTypeName":"com.google.activity.segment","startTimeNanos":1620656809299000000,"modifiedTimeMillis":1620660207636,"rawTimestampNanos":0},
        {"fitValue":[{"value":{"intVal":7}}],"originDataSourceId":"derived:com.google.activity.samples:com.google.android.gms:samsung:SM-A505F:14cdfeadff18e29e:detailed","endTimeNanos":1620673635044000000,"dataTypeName":"com.google.activity.segment","startTimeNanos":1620673595382000000,"modifiedTimeMillis":1620673751955,"rawTimestampNanos":0},
        {"fitValue":[{"value":{"intVal":7}}],"originDataSourceId":"derived:com.google.activity.samples:com.google.android.gms:samsung:SM-A505F:14cdfeadff18e29e:detailed","endTimeNanos":1620674680695000000,"dataTypeName":"com.google.activity.segment","startTimeNanos":1620674626764000000,"modifiedTimeMillis":1620677357151,"rawTimestampNanos":0},
        {"fitValue":[{"value":{"intVal":7}}],"originDataSourceId":"derived:com.google.activity.samples:com.google.android.gms:samsung:SM-A505F:14cdfeadff18e29e:detailed","endTimeNanos":1620805038659000000,"dataTypeName":"com.google.activity.segment","startTimeNanos":1620804970397000000,"modifiedTimeMillis":1620806367555,"rawTimestampNanos":0},
        {"fitValue":[{"value":{"intVal":7}}],"originDataSourceId":"derived:com.google.activity.samples:com.google.android.gms:samsung:SM-A505F:14cdfeadff18e29e:detailed","endTimeNanos":1620983287851000000,"dataTypeName":"com.google.activity.segment","startTimeNanos":1620983256335000000,"modifiedTimeMillis":1620986520206,"rawTimestampNanos":0},
        {"fitValue":[{"value":{"intVal":7}}],"originDataSourceId":"derived:com.google.activity.samples:com.google.android.gms:samsung:SM-A505F:14cdfeadff18e29e:detailed","endTimeNanos":1621065680484000000,"dataTypeName":"com.google.activity.segment","startTimeNanos":1621065626688000000,"modifiedTimeMillis":1621066583946,"rawTimestampNanos":0},
        {"fitValue":[{"value":{"intVal":0}}],"originDataSourceId":"derived:com.google.activity.samples:com.google.android.gms:samsung:SM-A505F:14cdfeadff18e29e:detailed","endTimeNanos":1621066411567000000,"dataTypeName":"com.google.activity.segment","startTimeNanos":1621065776198000000,"modifiedTimeMillis":1621066583946,"rawTimestampNanos":0},
        {"fitValue":[{"value":{"intVal":7}}],"originDataSourceId":"derived:com.google.activity.samples:com.google.android.gms:samsung:SM-A505F:14cdfeadff18e29e:detailed","endTimeNanos":1621066539136000000,"dataTypeName":"com.google.activity.segment","startTimeNanos":1621066411567000000,"modifiedTimeMillis":1621070185446,"rawTimestampNanos":0},
        {"fitValue":[{"value":{"intVal":7}}],"originDataSourceId":"derived:com.google.activity.samples:com.google.android.gms:samsung:SM-A505F:14cdfeadff18e29e:detailed","endTimeNanos":1621350297163000000,"dataTypeName":"com.google.activity.segment","startTimeNanos":1621350066909000000,"modifiedTimeMillis":1621352610929,"rawTimestampNanos":0},
        {"fitValue":[{"value":{"intVal":7}}],"originDataSourceId":"derived:com.google.activity.samples:com.google.android.gms:samsung:SM-A505F:14cdfeadff18e29e:detailed","endTimeNanos":1622294137440000000,"dataTypeName":"com.google.activity.segment","startTimeNanos":1622294091534000000,"modifiedTimeMillis":1622296369836,"rawTimestampNanos":0},
        {"fitValue":[{"value":{"intVal":7}}],"originDataSourceId":"derived:com.google.activity.samples:com.google.android.gms:samsung:SM-A505F:14cdfeadff18e29e:detailed","endTimeNanos":1622300594583000000,"dataTypeName":"com.google.activity.segment","startTimeNanos":1622300488746000000,"modifiedTimeMillis":1622303742603,"rawTimestampNanos":0},
        {"fitValue":[{"value":{"intVal":7}}],"originDataSourceId":"derived:com.google.activity.samples:com.google.android.gms:samsung:SM-A505F:14cdfeadff18e29e:detailed","endTimeNanos":1622306865370000000,"dataTypeName":"com.google.activity.segment","startTimeNanos":1622306818088000000,"modifiedTimeMillis":1622307350626,"rawTimestampNanos":0},
        {"fitValue":[{"value":{"intVal":7}}],"originDataSourceId":"derived:com.google.activity.samples:com.google.android.gms:samsung:SM-A505F:14cdfeadff18e29e:detailed","endTimeNanos":1622631209421000000,"dataTypeName":"com.google.activity.segment","startTimeNanos":1622631063185000000,"modifiedTimeMillis":1622631450654,"rawTimestampNanos":0},
        {"fitValue":[{"value":{"intVal":7}}],"originDataSourceId":"derived:com.google.activity.samples:com.google.android.gms:samsung:SM-A505F:14cdfeadff18e29e:detailed","endTimeNanos":1622631863594000000,"dataTypeName":"com.google.activity.segment","startTimeNanos":1622631815389000000,"modifiedTimeMillis":1622635636365,"rawTimestampNanos":0},
        {"fitValue":[{"value":{"intVal":7}}],"originDataSourceId":"derived:com.google.activity.samples:com.google.android.gms:samsung:SM-A505F:14cdfeadff18e29e:detailed","endTimeNanos":1622659581864000000,"dataTypeName":"com.google.activity.segment","startTimeNanos":1622659511010000000,"modifiedTimeMillis":1622660938503,"rawTimestampNanos":0},
        {"fitValue":[{"value":{"intVal":7}}],"originDataSourceId":"derived:com.google.activity.samples:com.google.android.gms:samsung:SM-A505F:14cdfeadff18e29e:detailed","endTimeNanos":1622789454696000000,"dataTypeName":"com.google.activity.segment","startTimeNanos":1622789322046000000,"modifiedTimeMillis":1622792072698,"rawTimestampNanos":0},
        {"fitValue":[{"value":{"intVal":0}}],"originDataSourceId":"derived:com.google.activity.samples:com.google.android.gms:samsung:SM-A505F:14cdfeadff18e29e:detailed","endTimeNanos":1622885468389000000,"dataTypeName":"com.google.activity.segment","startTimeNanos":1622883575022000000,"modifiedTimeMillis":1622887619775,"rawTimestampNanos":0},
        {"fitValue":[{"value":{"intVal":7}}],"originDataSourceId":"derived:com.google.activity.samples:com.google.android.gms:samsung:SM-A505F:14cdfeadff18e29e:detailed","endTimeNanos":1622992352568000000,"dataTypeName":"com.google.activity.segment","startTimeNanos":1622992306775000000,"modifiedTimeMillis":1622992410154,"rawTimestampNanos":0},
        {"fitValue":[{"value":{"intVal":7}}],"originDataSourceId":"derived:com.google.activity.samples:com.google.android.gms:samsung:SM-A505F:14cdfeadff18e29e:detailed","endTimeNanos":1625247700184000000,"dataTypeName":"com.google.activity.segment","startTimeNanos":1625247586946000000,"modifiedTimeMillis":1625250761367,"rawTimestampNanos":0},
        {"fitValue":[{"value":{"intVal":7}}],"originDataSourceId":"derived:com.google.activity.samples:com.google.android.gms:samsung:SM-A505F:14cdfeadff18e29e:detailed","endTimeNanos":1625248485234000000,"dataTypeName":"com.google.activity.segment","startTimeNanos":1625248385999000000,"modifiedTimeMillis":1625250761367,"rawTimestampNanos":0},
        {"fitValue":[{"value":{"intVal":0}}],"originDataSourceId":"derived:com.google.activity.samples:com.google.android.gms:samsung:SM-A505F:14cdfeadff18e29e:detailed","endTimeNanos":1625286871789000000,"dataTypeName":"com.google.activity.segment","startTimeNanos":1625285261639000000,"modifiedTimeMillis":1625303564782,"rawTimestampNanos":0},
        {"fitValue":[{"value":{"intVal":7}}],"originDataSourceId":"derived:com.google.activity.samples:com.google.android.gms:samsung:SM-A505F:14cdfeadff18e29e:detailed","endTimeNanos":1625287284648000000,"dataTypeName":"com.google.activity.segment","startTimeNanos":1625287210711000000,"modifiedTimeMillis":1625303564782,"rawTimestampNanos":0},
        {"fitValue":[{"value":{"intVal":7}}],"originDataSourceId":"derived:com.google.activity.samples:com.google.android.gms:samsung:SM-A505F:14cdfeadff18e29e:detailed","endTimeNanos":1625287433679000000,"dataTypeName":"com.google.activity.segment","startTimeNanos":1625287361719000000,"modifiedTimeMillis":1625303564782,"rawTimestampNanos":0},
        {"fitValue":[{"value":{"intVal":7}}],"originDataSourceId":"derived:com.google.activity.samples:com.google.android.gms:samsung:SM-A505F:14cdfeadff18e29e:detailed","endTimeNanos":1625288491764000000,"dataTypeName":"com.google.activity.segment","startTimeNanos":1625288420025000000,"modifiedTimeMillis":1625303564782,"rawTimestampNanos":0},
        {"fitValue":[{"value":{"intVal":7}}],"originDataSourceId":"derived:com.google.activity.samples:com.google.android.gms:samsung:SM-A505F:14cdfeadff18e29e:detailed","endTimeNanos":1625294112450000000,"dataTypeName":"com.google.activity.segment","startTimeNanos":1625293325746000000,"modifiedTimeMillis":1625303564782,"rawTimestampNanos":0},
        {"fitValue":[{"value":{"intVal":7}}],"originDataSourceId":"derived:com.google.activity.samples:com.google.android.gms:samsung:SM-A505F:14cdfeadff18e29e:detailed","endTimeNanos":1625306216639000000,"dataTypeName":"com.google.activity.segment","startTimeNanos":1625305843689000000,"modifiedTimeMillis":1625307151630,"rawTimestampNanos":0},
        {"fitValue":[{"value":{"intVal":7}}],"originDataSourceId":"derived:com.google.activity.samples:com.google.android.gms:samsung:SM-A505F:14cdfeadff18e29e:detailed","endTimeNanos":1625306695328000000,"dataTypeName":"com.google.activity.segment","startTimeNanos":1625306551539000000,"modifiedTimeMillis":1625307151630,"rawTimestampNanos":0},
        {"fitValue":[{"value":{"intVal":7}}],"originDataSourceId":"derived:com.google.activity.samples:com.google.android.gms:samsung:SM-A505F:14cdfeadff18e29e:detailed","endTimeNanos":1625306912072000000,"dataTypeName":"com.google.activity.segment","startTimeNanos":1625306837948000000,"modifiedTimeMillis":1625307151630,"rawTimestampNanos":0},
        {"fitValue":[{"value":{"intVal":7}}],"originDataSourceId":"derived:com.google.activity.samples:com.google.android.gms:samsung:SM-A505F:14cdfeadff18e29e:detailed","endTimeNanos":1625367168035000000,"dataTypeName":"com.google.activity.segment","startTimeNanos":1625367106562000000,"modifiedTimeMillis":1625379729626,"rawTimestampNanos":0},
        {"fitValue":[{"value":{"intVal":7}}],"originDataSourceId":"derived:com.google.activity.samples:com.google.android.gms:samsung:SM-A505F:14cdfeadff18e29e:detailed","endTimeNanos":1625382770258000000,"dataTypeName":"com.google.activity.segment","startTimeNanos":1625382719191000000,"modifiedTimeMillis":1625383572067,"rawTimestampNanos":0},
        {"fitValue":[{"value":{"intVal":7}}],"originDataSourceId":"derived:com.google.activity.samples:com.google.android.gms:samsung:SM-A505F:14cdfeadff18e29e:detailed","endTimeNanos":1625473505620000000,"dataTypeName":"com.google.activity.segment","startTimeNanos":1625473463490000000,"modifiedTimeMillis":1625481066202,"rawTimestampNanos":0},
        {"fitValue":[{"value":{"intVal":0}}],"originDataSourceId":"derived:com.google.activity.samples:com.google.android.gms:samsung:SM-A505F:14cdfeadff18e29e:detailed","endTimeNanos":1625474463423000000,"dataTypeName":"com.google.activity.segment","startTimeNanos":1625473662926000000,"modifiedTimeMillis":1625481066202,"rawTimestampNanos":0},
        {"fitValue":[{"value":{"intVal":7}}],"originDataSourceId":"derived:com.google.activity.samples:com.google.android.gms:samsung:SM-A505F:14cdfeadff18e29e:detailed","endTimeNanos":1625478808711000000,"dataTypeName":"com.google.activity.segment","startTimeNanos":1625478594756000000,"modifiedTimeMillis":1625481066202,"rawTimestampNanos":0}
    ]
}