{
    "Data Source": "derived:com.google.activity.segment:com.google.android.gms:Xiaomi:Redmi Note 4:c498577325de9210:activity_from_steps",
    "Data Points": [
        {"fitValue":[{"value":{"intVal":0}}],"originDataSourceId":"derived:com.google.activity.samples:com.google.android.gms:Xiaomi:Redmi Note 4:c498577325de9210:detailed","endTimeNanos":1495553374324000000,"dataTypeName":"com.google.activity.segment","startTimeNanos":1495553020522000000,"modifiedTimeMillis":1495553769885,"rawTimestampNanos":0},
        {"fitValue":[{"value":{"intVal":7}}],"originDataSourceId":"derived:com.google.activity.samples:com.google.android.gms:Xiaomi:Redmi Note 4:c498577325de9210:detailed","endTimeNanos":1495553424367000000,"dataTypeName":"com.google.activity.segment","startTimeNanos":1495553374324000000,"modifiedTimeMillis":1495553769885,"rawTimestampNanos":0},
        {"fitValue":[{"value":{"intVal":3}}],"originDataSourceId":"derived:com.google.activity.samples:com.google.android.gms:Xiaomi:Redmi Note 4:c498577325de9210:detailed","endTimeNanos":1495554213401000000,"dataTypeName":"com.google.activity.segment","startTimeNanos":1495553424367000000,"modifiedTimeMillis":1495555106862,"rawTimestampNanos":0},
        {"fitValue":[{"value":{"intVal":3}}],"originDataSourceId":"derived:com.google.activity.samples:com.google.android.gms:Xiaomi:Redmi Note 4:c498577325de9210:detailed","endTimeNanos":1495556115692000000,"dataTypeName":"com.google.activity.segment","startTimeNanos":1495554353857000000,"modifiedTimeMillis":1495558711462,"rawTimestampNanos":0},
        {"fitValue":[{"value":{"intVal":3}}],"originDataSourceId":"derived:com.google.activity.samples:com.google.android.gms:Xiaomi:Redmi Note 4:c498577325de9210:detailed","endTimeNanos":1495594202600000000,"dataTypeName":"com.google.activity.segment","startTimeNanos":1495556309870000000,"modifiedTimeMillis":1495601906672,"rawTimestampNanos":0},
        {"fitValue":[{"value":{"intVal":3}}],"originDataSourceId":"derived:com.google.activity.samples:com.google.android.gms:Xiaomi:Redmi Note 4:c498577325de9210:detailed","endTimeNanos":1495595062408000000,"dataTypeName":"com.google.activity.segment","startTimeNanos":1495594582795000000,"modifiedTimeMillis":1495601906672,"rawTimestampNanos":0},
        {"fitValue":[{"value":{"intVal":3}}],"originDataSourceId":"derived:com.google.activity.samples:com.google.android.gms:Xiaomi:Redmi Note 4:c498577325de9210:detailed","endTimeNanos":1495596682743000000,"dataTypeName":"com.google.activity.segment","startTimeNanos":1495595288275000000,"modifiedTimeMillis":1495601906672,"rawTimestampNanos":0},
        {"fitValue":[{"value":{"intVal":3}}],"originDataSourceId":"derived:com.google.activity.samples:com.google.android.gms:Xiaomi:Redmi Note 4:c498577325de9210:detailed","endTimeNanos":1495600331546000000,"dataTypeName":"com.google.activity.segment","startTimeNanos":1495596778036000000,"modifiedTimeMillis":1495601906672,"rawTimestampNanos":0},
        {"fitValue":[{"value":{"intVal":3}}],"originDataSourceId":"derived:com.google.activity.samples:com.google.android.gms:Xiaomi:Redmi Note 4:c498577325de9210:detailed","endTimeNanos":1495603421069000000,"dataTypeName":"com.google.activity.segment","startTimeNanos":1495600488827000000,"modifiedTimeMillis":1495604371344,"rawTimestampNanos":0},
        {"fitValue":[{"value":{"intVal":0}}],"originDataSourceId":"derived:com.google.activity.samples:com.google.android.gms:Xiaomi:Redmi Note 4:c498577325de9210:detailed","endTimeNanos":1495604605758000000,"dataTypeName":"com.google.activity.segment","startTimeNanos":1495603421069000000,"modifiedTimeMillis":1495605426044,"rawTimestampNanos":0},
        {"fitValue":[{"value":{"intVal":3}}],"originDataSourceId":"derived:com.google.activity.samples:com.google.android.gms:Xiaomi:Redmi Note 4:c498577325de9210:detailed","endTimeNanos":1495611473449000000,"dataTypeName":"com.google.activity.segment","startTimeNanos":1495604605758000000,"modifiedTimeMillis":1495612703323,"rawTimestampNanos":0},
        {"fitValue":[{"value":{"intVal":3}}],"originDataSourceId":"derived:com.google.activity.samples:com.google.android.gms:Xiaomi:Redmi Note 4:c498577325de9210:detailed","endTimeNanos":1495640832248000000,"dataTypeName":"com.google.activity.segment","startTimeNanos":1495611830966000000,"modifiedTimeMillis":1495647089437,"rawTimestampNanos":0},
        {"fitValue":[{"value":{"intVal":7}}],"originDataSourceId":"derived:com.google.activity.samples:com.google.android.gms:Xiaomi:Redmi Note 4:c498577325de9210:detailed","endTimeNanos":1495640865134000000,"dataTypeName":"com.google.activity.segment","startTimeNanos":1495640832248000000,"modifiedTimeMillis":1495647089437,"rawTimestampNanos":0},
        {"fitValue":[{"value":{"intVal":3}}],"originDataSourceId":"derived:com.google.activity.samples:com.google.android.gms:Xiaomi:Redmi Note 4:c498577325de9210:detailed","endTimeNanos":1495643495300000000,"dataTypeName":"com.google.activity.segment","startTimeNanos":1495641479607000000,"modifiedTimeMillis":1495647089437,"rawTimestampNanos":0},
        {"fitValue":[{"value":{"intVal":3}}],"originDataSourceId":"derived:com.google.activity.samples:com.google.android.gms:Xiaomi:Redmi Note 4:c498577325de9210:detailed","endTimeNanos":1495695454905000000,"dataTypeName":"com.google.activity.segment","startTimeNanos":1495643662476000000,"modifiedTimeMillis":1495700109251,"rawTimestampNanos":0},
        {"fitValue":[{"value":{"intVal":0}}],"originDataSourceId":"derived:com.google.activity.samples:com.google.android.gms:Xiaomi:Redmi Note 4:c498577325de9210:detailed","endTimeNanos":1495696157074000000,"dataTypeName":"com.google.activity.segment","startTimeNanos":1495695454905000000,"modifiedTimeMillis":1495700109251,"rawTimestampNanos":0},
        {"fitValue":[{"value":{"intVal":3}}],"originDataSourceId":"derived:com.google.activity.samples:com.google.android.gms:Xiaomi:Redmi Note 4:c498577325de9210:detailed","endTimeNanos":1495697239346000000,"dataTypeName":"com.google.activity.segment","startTimeNanos":1495696157074000000,"modifiedTimeMillis":1495700109251,"rawTimestampNanos":0},
        {"fitValue":[{"value":{"intVal":3}}],"originDataSourceId":"derived:com.google.activity.samples:com.google.android.gms:Xiaomi:Redmi Note 4:c498577325de9210:detailed","endTimeNanos":1495698338427000000,"dataTypeName":"com.google.activity.segment","startTimeNanos":1495697574461000000,"modifiedTimeMillis":1495700109251,"rawTimestampNanos":0},
        {"fitValue":[{"value":{"intVal":0}}],"originDataSourceId":"derived:com.google.activity.samples:com.google.android.gms:Xiaomi:Redmi Note 4:c498577325de9210:detailed","endTimeNanos":1495699313697000000,"dataTypeName":"com.google.activity.segment","startTimeNanos":1495698338427000000,"modifiedTimeMillis":1495700109251,"rawTimestampNanos":0},
        {"fitValue":[{"value":{"intVal":3}}],"originDataSourceId":"derived:com.google.activity.samples:com.google.android.gms:Xiaomi:Redmi Note 4:c498577325de9210:detailed","endTimeNanos":1495706266655000000,"dataTypeName":"com.google.activity.segment","startTimeNanos":1495699313697000000,"modifiedTimeMillis":1495711460783,"rawTimestampNanos":0},
        {"fitValue":[{"value":{"intVal":3}}],"originDataSourceId":"derived:com.google.activity.samples:com.google.android.gms:Xiaomi:Redmi Note 4:c498577325de9210:detailed","endTimeNanos":1495707718129000000,"dataTypeName":"com.google.activity.segment","startTimeNanos":1495706441801000000,"modifiedTimeMillis":1495711460783,"rawTimestampNanos":0},
        {"fitValue":[{"value":{"intVal":0}}],"originDataSourceId":"derived:com.google.activity.samples:com.google.android.gms:Xiaomi:Redmi Note 4:c498577325de9210:detailed","endTimeNanos":1495708181181000000,"dataTypeName":"com.google.activity.segment","startTimeNanos":1495707718129000000,"modifiedTimeMillis":1495711460783,"rawTimestampNanos":0},
        {"fitValue":[{"value":{"intVal":3}}],"originDataSourceId":"derived:com.google.activity.samples:com.google.android.gms:Xiaomi:Redmi Note 4:c498577325de9210:detailed","endTimeNanos":1495711699582000000,"dataTypeName":"com.google.activity.segment","startTimeNanos":1495708181181000000,"modifiedTimeMillis":1495715118589,"rawTimestampNanos":0},
        {"fitValue":[{"value":{"intVal":3}}],"originDataSourceId":"derived:com.google.activity.samples:com.google.android.gms:Xiaomi:Redmi Note 4:c498577325de9210:detailed","endTimeNanos":1495713612692000000,"dataTypeName":"com.google.activity.segment","startTimeNanos":1495712178961000000,"modifiedTimeMillis":1495715118589,"rawTimestampNanos":0},
        {"fitValue":[{"value":{"intVal":7}}],"originDataSourceId":"derived:com.google.activity.samples:com.google.android.gms:Xiaomi:Redmi Note 4:c498577325de9210:detailed","endTimeNanos":1495713673611000000,"dataTypeName":"com.google.activity.segment","startTimeNanos":1495713612692000000,"modifiedTimeMillis":1495715118589,"rawTimestampNanos":0},
        {"fitValue":[{"value":{"intVal":3}}],"originDataSourceId":"derived:com.google.activity.samples:com.google.android.gms:Xiaomi:Redmi Note 4:c498577325de9210:detailed","endTimeNanos":1495725789494000000,"dataTypeName":"com.google.activity.segment","startTimeNanos":1495713673611000000,"modifiedTimeMillis":1495727905434,"rawTimestampNanos":0},
        {"fitValue":[{"value":{"intVal":0}}],"originDataSourceId":"derived:com.google.activity.samples:com.google.android.gms:Xiaomi:Redmi Note 4:c498577325de9210:detailed","endTimeNanos":1495728926608000000,"dataTypeName":"com.google.activity.segment","startTimeNanos":1495725789494000000,"modifiedTimeMillis":1495731506954,"rawTimestampNanos":0},
        {"fitValue":[{"value":{"intVal":3}}],"originDataSourceId":"derived:com.google.activity.samples:com.google.android.gms:Xiaomi:Redmi Note 4:c498577325de9210:detailed","endTimeNanos":1495730034189000000,"dataTypeName":"com.google.activity.segment","startTimeNanos":1495728926608000000,"modifiedTimeMillis":1495731506954,"rawTimestampNanos":0},
        {"fitValue":[{"value":{"intVal":7}}],"originDataSourceId":"derived:com.google.activity.samples:com.google.android.gms:Xiaomi:Redmi Note 4:c498577325de9210:detailed","endTimeNanos":1495730273617000000,"dataTypeName":"com.google.activity.segment","startTimeNanos":1495730034189000000,"modifiedTimeMillis":1495731506954,"rawTimestampNanos":0},
        {"fitValue":[{"value":{"intVal":3}}],"originDataSourceId":"derived:com.google.activity.samples:com.google.android.gms:Xiaomi:Redmi Note 4:c498577325de9210:detailed","endTimeNanos":1495772465315000000,"dataTypeName":"com.google.activity.segment","startTimeNanos":1495730934094000000,"modifiedTimeMillis":1495772990643,"rawTimestampNanos":0},
        {"fitValue":[{"value":{"intVal":0}}],"originDataSourceId":"derived:com.google.activity.samples:com.google.android.gms:Xiaomi:Redmi Note 4:c498577325de9210:detailed","endTimeNanos":1495773566710000000,"dataTypeName":"com.google.activity.segment","startTimeNanos":1495772546573000000,"modifiedTimeMillis":1495780104252,"rawTimestampNanos":0},
        {"fitValue":[{"value":{"intVal":3}}],"originDataSourceId":"derived:com.google.activity.samples:com.google.android.gms:Xiaomi:Redmi Note 4:c498577325de9210:detailed","endTimeNanos":1495776381059000000,"dataTypeName":"com.google.activity.segment","startTimeNanos":1495775514197000000,"modifiedTimeMillis":1495780104252,"rawTimestampNanos":0},
        {"fitValue":[{"value":{"intVal":3}}],"originDataSourceId":"derived:com.google.activity.samples:com.google.android.gms:Xiaomi:Redmi Note 4:c498577325de9210:detailed","endTimeNanos":1495791747050000000,"dataTypeName":"com.google.activity.segment","startTimeNanos":1495776825199000000,"modifiedTimeMillis":1495792708363,"rawTimestampNanos":0},
        {"fitValue":[{"value":{"intVal":7}}],"originDataSourceId":"derived:com.google.activity.samples:com.google.android.gms:Xiaomi:Redmi Note 4:c498577325de9210:detailed","endTimeNanos":1495791902067000000,"dataTypeName":"com.google.activity.segment","startTimeNanos":1495791747050000000,"modifiedTimeMillis":1495792708363,"rawTimestampNanos":0},
        {"fitValue":[{"value":{"intVal":3}}],"originDataSourceId":"derived:com.google.activity.samples:com.google.android.gms:Xiaomi:Redmi Note 4:c498577325de9210:detailed","endTimeNanos":1495798292771000000,"dataTypeName":"com.google.activity.segment","startTimeNanos":1495791902067000000,"modifiedTimeMillis":1495801699285,"rawTimestampNanos":0},
        {"fitValue":[{"value":{"intVal":7}}],"originDataSourceId":"derived:com.google.activity.samples:com.google.android.gms:Xiaomi:Redmi Note 4:c498577325de9210:detailed","endTimeNanos":1495798352885000000,"dataTypeName":"com.google.activity.segment","startTimeNanos":1495798292771000000,"modifiedTimeMillis":1495801699285,"rawTimestampNanos":0},
        {"fitValue":[{"value":{"intVal":3}}],"originDataSourceId":"derived:com.google.activity.samples:com.google.android.gms:Xiaomi:Redmi Note 4:c498577325de9210:detailed","endTimeNanos":1495814443949000000,"dataTypeName":"com.google.activity.segment","startTimeNanos":1495798352885000000,"modifiedTimeMillis":1495817905111,"rawTimestampNanos":0},
        {"fitValue":[{"value":{"intVal":3}}],"originDataSourceId":"derived:com.google.activity.samples:com.google.android.gms:Xiaomi:Redmi Note 4:c498577325de9210:detailed","endTimeNanos":1495857772135000000,"dataTypeName":"com.google.activity.segment","startTimeNanos":1495814599576000000,"modifiedTimeMillis":1495860964103,"rawTimestampNanos":0},
        {"fitValue":[{"value":{"intVal":0}}],"originDataSourceId":"derived:com.google.activity.samples:com.google.android.gms:Xiaomi:Redmi Note 4:c498577325de9210:detailed","endTimeNanos":1495859452908000000,"dataTypeName":"com.google.activity.segment","startTimeNanos":1495857772135000000,"modifiedTimeMillis":1495860964103,"rawTimestampNanos":0},
        {"fitValue":[{"value":{"intVal":3}}],"originDataSourceId":"derived:com.google.activity.samples:com.google.android.gms:Xiaomi:Redmi Note 4:c498577325de9210:detailed","endTimeNanos":1495880038548000000,"dataTypeName":"com.google.activity.segment","startTimeNanos":1495859452908000000,"modifiedTimeMillis":1495900319011,"rawTimestampNanos":0},
        {"fitValue":[{"value":{"intVal":3}}],"originDataSourceId":"derived:com.google.activity.samples:com.google.android.gms:Xiaomi:Redmi Note 4:c498577325de9210:detailed","endTimeNanos":1495900850765000000,"dataTypeName":"com.google.activity.segment","startTimeNanos":1495880128837000000,"modifiedTimeMillis":1495904307678,"rawTimestampNanos":0},
        {"fitValue":[{"value":{"intVal":3}}],"originDataSourceId":"derived:com.google.activity.samples:com.google.android.gms:Xiaomi:Redmi Note 4:c498577325de9210:detailed","endTimeNanos":1495948285965000000,"dataTypeName":"com.google.activity.segment","startTimeNanos":1495901368394000000,"modifiedTimeMillis":1495966388482,"rawTimestampNanos":0},
        {"fitValue":[{"value":{"intVal":0}}],"originDataSourceId":"derived:com.google.activity.samples:com.google.android.gms:Xiaomi:Redmi Note 4:c498577325de9210:detailed","endTimeNanos":1495951370503000000,"dataTypeName":"com.google.activity.segment","startTimeNanos":1495948285965000000,"modifiedTimeMillis":1495966388482,"rawTimestampNanos":0},
        {"fitValue":[{"value":{"intVal":3}}],"originDataSourceId":"derived:com.google.activity.samples:com.google.android.gms:Xiaomi:Redmi Note 4:c498577325de9210:detailed","endTimeNanos":1495951488561000000,"dataTypeName":"com.google.activity.segment","startTimeNanos":1495951370503000000,"modifiedTimeMillis":1495966388482,"rawTimestampNanos":0},
        {"fitValue":[{"value":{"intVal":7}}],"originDataSourceId":"derived:com.google.activity.samples:com.google.android.gms:Xiaomi:Redmi Note 4:c498577325de9210:detailed","endTimeNanos":1495951593552000000,"dataTypeName":"com.google.activity.segment","startTimeNanos":1495951488561000000,"modifiedTimeMillis":1495966388482,"rawTimestampNanos":0},
        {"fitValue":[{"value":{"intVal":3}}],"originDataSourceId":"derived:com.google.activity.samples:com.google.android.gms:Xiaomi:Redmi Note 4:c498577325de9210:detailed","endTimeNanos":1495952423784000000,"dataTypeName":"com.google.activity.segment","startTimeNanos":1495952084605000000,"modifiedTimeMillis":1495966388482,"rawTimestampNanos":0},
        {"fitValue":[{"value":{"intVal":0}}],"originDataSourceId":"derived:com.google.activity.samples:com.google.android.gms:Xiaomi:Redmi Note 4:c498577325de9210:detailed","endTimeNanos":1495955785186000000,"dataTypeName":"com.google.activity.segment","startTimeNanos":1495952423784000000,"modifiedTimeMillis":1495966388482,"rawTimestampNanos":0},
        {"fitValue":[{"value":{"intVal":3}}],"originDataSourceId":"derived:com.google.activity.samples:com.google.android.gms:Xiaomi:Redmi Note 4:c498577325de9210:detailed","endTimeNanos":1495956847521000000,"dataTypeName":"com.google.activity.segment","startTimeNanos":1495955785186000000,"modifiedTimeMillis":1495966388482,"rawTimestampNanos":0},
        {"fitValue":[{"value":{"intVal":7}}],"originDataSourceId":"derived:com.google.activity.samples:com.google.android.gms:Xiaomi:Redmi Note 4:c498577325de9210:detailed","endTimeNanos":1495957212530000000,"dataTypeName":"com.google.activity.segment","startTimeNanos":1495956847521000000,"modifiedTimeMillis":1495966388482,"rawTimestampNanos":0},
        {"fitValue":[{"value":{"intVal":3}}],"originDataSourceId":"derived:com.google.activity.samples:com.google.android.gms:Xiaomi:Redmi Note 4:c498577325de9210:detailed","endTimeNanos":1495959347690000000,"dataTypeName":"com.google.activity.segment","startTimeNanos":1495957610827000000,"modifiedTimeMillis":1495966388482,"rawTimestampNanos":0},
        {"fitValue":[{"value":{"intVal":7}}],"originDataSourceId":"derived:com.google.activity.samples:com.google.android.gms:Xiaomi:Redmi Note 4:c498577325de9210:detailed","endTimeNanos":1495959578455000000,"dataTypeName":"com.google.activity.segment","startTimeNanos":1495959347690000000,"modifiedTimeMillis":1495966388482,"rawTimestampNanos":0},
        {"fitValue":[{"value":{"intVal":3}}],"originDataSourceId":"derived:com.google.activity.samples:com.google.android.gms:Xiaomi:Redmi Note 4:c498577325de9210:detailed","endTimeNanos":1495961162634000000,"dataTypeName":"com.google.activity.segment","startTimeNanos":1495961011270000000,"modifiedTimeMillis":1495966388482,"rawTimestampNanos":0},
        {"fitValue":[{"value":{"intVal":0}}],"originDataSourceId":"derived:com.google.activity.samples:com.google.android.gms:Xiaomi:Redmi Note 4:c498577325de9210:detailed","endTimeNanos":1495962205689000000,"dataTypeName":"com.google.activity.segment","startTimeNanos":1495961162634000000,"modifiedTimeMillis":1495966388482,"rawTimestampNanos":0},
        {"fitValue":[{"value":{"intVal":7}}],"originDataSourceId":"derived:com.google.activity.samples:com.google.android.gms:Xiaomi:Redmi Note 4:c498577325de9210:detailed","endTimeNanos":1495962375282000000,"dataTypeName":"com.google.activity.segment","startTimeNanos":1495962205689000000,"modifiedTimeMillis":1495966388482,"rawTimestampNanos":0},
        {"fitValue":[{"value":{"intVal":3}}],"originDataSourceId":"derived:com.google.activity.samples:com.google.android.gms:Xiaomi:Redmi Note 4:c498577325de9210:detailed","endTimeNanos":1495968746353000000,"dataTypeName":"com.google.activity.segment","startTimeNanos":1495962375282000000,"modifiedTimeMillis":1495970120494,"rawTimestampNanos":0},
        {"fitValue":[{"value":{"intVal":0}}],"originDataSourceId":"derived:com.google.activity.samples:com.google.android.gms:Xiaomi:Redmi Note 4:c498577325de9210:detailed","endTimeNanos":1495969618646000000,"dataTypeName":"com.google.activity.segment","startTimeNanos":1495968746353000000,"modifiedTimeMillis":1495970120494,"rawTimestampNanos":0},
        {"fitValue":[{"value":{"intVal":3}}],"originDataSourceId":"derived:com.google.activity.samples:com.google.android.gms:Xiaomi:Redmi Note 4:c498577325de9210:detailed","endTimeNanos":1495974592925000000,"dataTypeName":"com.google.activity.segment","startTimeNanos":1495969618646000000,"modifiedTimeMillis":1495979747400,"rawTimestampNanos":0},
        {"fitValue":[{"value":{"intVal":7}}],"originDataSourceId":"derived:com.google.activity.samples:com.google.android.gms:Xiaomi:Redmi Note 4:c498577325de9210:detailed","endTimeNanos":1495974728439000000,"dataTypeName":"com.google.activity.segment","startTimeNanos":1495974592925000000,"modifiedTimeMillis":1495979747400,"rawTimestampNanos":0},
        {"fitValue":[{"value":{"intVal":3}}],"originDataSourceId":"derived:com.google.activity.samples:com.google.android.gms:Xiaomi:Redmi Note 4:c498577325de9210:detailed","endTimeNanos":1495979485985000000,"dataTypeName":"com.google.activity.segment","startTimeNanos":1495974728439000000,"modifiedTimeMillis":1495979747400,"rawTimestampNanos":0},
        {"fitValue":[{"value":{"intVal":7}}],"originDataSourceId":"derived:com.google.activity.samples:com.google.android.gms:Xiaomi:Redmi Note 4:c498577325de9210:detailed","endTimeNanos":1495979516534000000,"dataTypeName":"com.google.activity.segment","startTimeNanos":1495979485985000000,"modifiedTimeMillis":1495983503037,"rawTimestampNanos":0},
        {"fitValue":[{"value":{"intVal":3}}],"originDataSourceId":"derived:com.google.activity.samples:com.google.android.gms:Xiaomi:Redmi Note 4:c498577325de9210:detailed","endTimeNanos":1495988300643000000,"dataTypeName":"com.google.activity.segment","startTimeNanos":1495979516534000000,"modifiedTimeMillis":1496052210348,"rawTimestampNanos":0},
        {"fitValue":[{"value":{"intVal":0}}],"originDataSourceId":"derived:com.google.activity.samples:com.google.android.gms:Xiaomi:Redmi Note 4:c498577325de9210:detailed","endTimeNanos":1495989109309000000,"dataTypeName":"com.google.activity.segment","startTimeNanos":1495988300643000000,"modifiedTimeMillis":1496071856163,"rawTimestampNanos":0},
        {"fitValue":[{"value":{"intVal":3}}],"originDataSourceId":"derived:com.google.activity.samples:com.google.android.gms:Xiaomi:Redmi Note 4:c498577325de9210:detailed","endTimeNanos":1496053642488000000,"dataTypeName":"com.google.activity.segment","startTimeNanos":1496052219705000000,"modifiedTimeMillis":1496071856163,"rawTimestampNanos":0},
        {"fitValue":[{"value":{"intVal":3}}],"originDataSourceId":"derived:com.google.activity.samples:com.google.android.gms:Xiaomi:Redmi Note 4:c498577325de9210:detailed","endTimeNanos":1496053752859000000,"dataTypeName":"com.google.activity.segment","startTimeNanos":1496053674523000000,"modifiedTimeMillis":1496071856163,"rawTimestampNanos":0},
        {"fitValue":[{"value":{"intVal":3}}],"originDataSourceId":"derived:com.google.activity.samples:com.google.android.gms:Xiaomi:Redmi Note 4:c498577325de9210:detailed","endTimeNanos":1496064679577000000,"dataTypeName":"com.google.activity.segment","startTimeNanos":1496053822965000000,"modifiedTimeMillis":1496071856163,"rawTimestampNanos":0},
        {"fitValue":[{"value":{"intVal":7}}],"originDataSourceId":"raw:com.google.step_count.cumulative:Xiaomi:Redmi Note 4:c498577325de9210:Step Counter","endTimeNanos":1496064685790000000,"dataTypeName":"com.google.activity.segment","startTimeNanos":1496064679577000000,"modifiedTimeMillis":1496071856163,"rawTimestampNanos":0},
        {"fitValue":[{"value":{"intVal":7}}],"originDataSourceId":"derived:com.google.activity.samples:com.google.android.gms:Xiaomi:Redmi Note 4:c498577325de9210:detailed","endTimeNanos":1496065225995000000,"dataTypeName":"com.google.activity.segment","startTimeNanos":1496064685790000000,"modifiedTimeMillis":1496071856163,"rawTimestampNanos":0},
        {"fitValue":[{"value":{"intVal":0}}],"originDataSourceId":"derived:com.google.activity.samples:com.google.android.gms:Xiaomi:Redmi Note 4:c498577325de9210:detailed","endTimeNanos":1496065990448000000,"dataTypeName":"com.google.activity.segment","startTimeNanos":1496065225995000000,"modifiedTimeMillis":1496071856163,"rawTimestampNanos":0},
        {"fitValue":[{"value":{"intVal":7}}],"originDataSourceId":"derived:com.google.activity.samples:com.google.android.gms:Xiaomi:Redmi Note 4:c498577325de9210:detailed","endTimeNanos":1496066152264000000,"dataTypeName":"com.google.activity.segment","startTimeNanos":1496065990448000000,"modifiedTimeMillis":1496071856163,"rawTimestampNanos":0},
        {"fitValue":[{"value":{"intVal":3}}],"originDataSourceId":"derived:com.google.activity.samples:com.google.android.gms:Xiaomi:Redmi Note 4:c498577325de9210:detailed","endTimeNanos":1496070880896000000,"dataTypeName":"com.google.activity.segment","startTimeNanos":1496066152264000000,"modifiedTimeMillis":1496071856163,"rawTimestampNanos":0},
        {"fitValue":[{"value":{"intVal":3}}],"originDataSourceId":"derived:com.google.activity.samples:com.google.android.gms:Xiaomi:Redmi Note 4:c498577325de9210:detailed","endTimeNanos":1496071287101000000,"dataTypeName":"com.google.activity.segment","startTimeNanos":1496071194194000000,"modifiedTimeMillis":1496071856163,"rawTimestampNanos":0},
        {"fitValue":[{"value":{"intVal":0}}],"originDataSourceId":"derived:com.google.activity.samples:com.google.android.gms:Xiaomi:Redmi Note 4:c498577325de9210:detailed","endTimeNanos":1496071627103000000,"dataTypeName":"com.google.activity.segment","startTimeNanos":1496071287101000000,"modifiedTimeMillis":1496080376731,"rawTimestampNanos":0},
        {"fitValue":[{"value":{"intVal":3}}],"originDataSourceId":"derived:com.google.activity.samples:com.google.android.gms:Xiaomi:Redmi Note 4:c498577325de9210:detailed","endTimeNanos":1496071630463000000,"dataTypeName":"com.google.activity.segment","startTimeNanos":1496071627103000000,"modifiedTimeMillis":1496080376731,"rawTimestampNanos":0},
        {"fitValue":[{"value":{"intVal":7}}],"originDataSourceId":"raw:com.google.step_count.cumulative:Xiaomi:Redmi Note 4:c498577325de9210:Step Counter","endTimeNanos":1496071696582000000,"dataTypeName":"com.google.activity.segment","startTimeNanos":1496071630463000000,"modifiedTimeMillis":1496071856163,"rawTimestampNanos":0},
        {"fitValue":[{"value":{"intVal":7}}],"originDataSourceId":"derived:com.google.activity.samples:com.google.android.gms:Xiaomi:Redmi Note 4:c498577325de9210:detailed","endTimeNanos":1496071839030000000,"dataTypeName":"com.google.activity.segment","startTimeNanos":1496071696582000000,"modifiedTimeMillis":1496076627209,"rawTimestampNanos":0},
        {"fitValue":[{"value":{"intVal":3}}],"originDataSourceId":"derived:com.google.activity.samples:com.google.android.gms:Xiaomi:Redmi Note 4:c498577325de9210:detailed","endTimeNanos":1496109455669000000,"dataTypeName":"com.google.activity.segment","startTimeNanos":1496072030398000000,"modifiedTimeMillis":1496109505976,"rawTimestampNanos":0},
        {"fitValue":[{"value":{"intVal":3}}],"originDataSourceId":"derived:com.google.activity.samples:com.google.android.gms:Xiaomi:Redmi Note 4:c498577325de9210:detailed","endTimeNanos":1496138540350000000,"dataTypeName":"com.google.activity.segment","startTimeNanos":1496109591414000000,"modifiedTimeMillis":1496143483125,"rawTimestampNanos":0},
        {"fitValue":[{"value":{"intVal":3}}],"originDataSourceId":"derived:com.google.activity.samples:com.google.android.gms:Xiaomi:Redmi Note 4:c498577325de9210:detailed","endTimeNanos":1496140952020000000,"dataTypeName":"com.google.activity.segment","startTimeNanos":1496138649408000000,"modifiedTimeMillis":1496143483125,"rawTimestampNanos":0},
        {"fitValue":[{"value":{"intVal":0}}],"originDataSourceId":"derived:com.google.activity.samples:com.google.android.gms:Xiaomi:Redmi Note 4:c498577325de9210:detailed","endTimeNanos":1496141553999000000,"dataTypeName":"com.google.activity.segment","startTimeNanos":1496140952020000000,"modifiedTimeMillis":1496143483125,"rawTimestampNanos":0},
        {"fitValue":[{"value":{"intVal":3}}],"originDataSourceId":"derived:com.google.activity.samples:com.google.android.gms:Xiaomi:Redmi Note 4:c498577325de9210:detailed","endTimeNanos":1496147039064000000,"dataTypeName":"com.google.activity.segment","startTimeNanos":1496141553999000000,"modifiedTimeMillis":1496147089343,"rawTimestampNanos":0},
        {"fitValue":[{"value":{"intVal":3}}],"originDataSourceId":"derived:com.google.activity.samples:com.google.android.gms:Xiaomi:Redmi Note 4:c498577325de9210:detailed","endTimeNanos":1496156752996000000,"dataTypeName":"com.google.activity.segment","startTimeNanos":1496147162988000000,"modifiedTimeMillis":1496158929019,"rawTimestampNanos":0},
        {"fitValue":[{"value":{"intVal":3}}],"originDataSourceId":"derived:com.google.activity.samples:com.google.android.gms:Xiaomi:Redmi Note 4:c498577325de9210:detailed","endTimeNanos":1496196104552000000,"dataTypeName":"com.google.activity.segment","startTimeNanos":1496156875472000000,"modifiedTimeMillis":1496201582017,"rawTimestampNanos":0},
        {"fitValue":[{"value":{"intVal":0}}],"originDataSourceId":"derived:com.google.activity.samples:com.google.android.gms:Xiaomi:Redmi Note 4:c498577325de9210:detailed","endTimeNanos":1496196401147000000,"dataTypeName":"com.google.activity.segment","startTimeNanos":1496196104552000000,"modifiedTimeMillis":1496201582017,"rawTimestampNanos":0},
        {"fitValue":[{"value":{"intVal":3}}],"originDataSourceId":"derived:com.google.activity.samples:com.google.android.gms:Xiaomi:Redmi Note 4:c498577325de9210:detailed","endTimeNanos":1496197502048000000,"dataTypeName":"com.google.activity.segment","startTimeNanos":1496196401147000000,"modifiedTimeMillis":1496201582017,"rawTimestampNanos":0},
        {"fitValue":[{"value":{"intVal":3}}],"originDataSourceId":"derived:com.google.activity.samples:com.google.android.gms:Xiaomi:Redmi Note 4:c498577325de9210:detailed","endTimeNanos":1496225154104000000,"dataTypeName":"com.google.activity.segment","startTimeNanos":1496197744005000000,"modifiedTimeMillis":1496231673591,"rawTimestampNanos":0},
        {"fitValue":[{"value":{"intVal":7}}],"originDataSourceId":"derived:com.google.activity.samples:com.google.android.gms:Xiaomi:Redmi Note 4:c498577325de9210:detailed","endTimeNanos":1496225251511000000,"dataTypeName":"com.google.activity.segment","startTimeNanos":1496225154104000000,"modifiedTimeMillis":1496231673591,"rawTimestampNanos":0},
        {"fitValue":[{"value":{"intVal":3}}],"originDataSourceId":"derived:com.google.activity.samples:com.google.android.gms:Xiaomi:Redmi Note 4:c498577325de9210:detailed","endTimeNanos":1496227060645000000,"dataTypeName":"com.google.activity.segment","startTimeNanos":1496225405382000000,"modifiedTimeMillis":1496231673591,"rawTimestampNanos":0},
        {"fitValue":[{"value":{"intVal":0}}],"originDataSourceId":"derived:com.google.activity.samples:com.google.android.gms:Xiaomi:Redmi Note 4:c498577325de9210:detailed","endTimeNanos":1496227890921000000,"dataTypeName":"com.google.activity.segment","startTimeNanos":1496227060645000000,"modifiedTimeMillis":1496231673591,"rawTimestampNanos":0},
        {"fitValue":[{"value":{"intVal":3}}],"originDataSourceId":"derived:com.google.activity.samples:com.google.android.gms:Xiaomi:Redmi Note 4:c498577325de9210:detailed","endTimeNanos":1496233854232000000,"dataTypeName":"com.google.activity.segment","startTimeNanos":1496227890921000000,"modifiedTimeMillis":1496235506318,"rawTimestampNanos":0},
        {"fitValue":[{"value":{"intVal":7}}],"originDataSourceId":"derived:com.google.activity.samples:com.google.android.gms:Xiaomi:Redmi Note 4:c498577325de9210:detailed","endTimeNanos":1496233982099000000,"dataTypeName":"com.google.activity.segment","startTimeNanos":1496233854232000000,"modifiedTimeMillis":1496235506318,"rawTimestampNanos":0},
        {"fitValue":[{"value":{"intVal":3}}],"originDataSourceId":"derived:com.google.activity.samples:com.google.android.gms:Xiaomi:Redmi Note 4:c498577325de9210:detailed","endTimeNanos":1496311669273000000,"dataTypeName":"com.google.activity.segment","startTimeNanos":1496233982099000000,"modifiedTimeMillis":1496318307834,"rawTimestampNanos":0},
        {"fitValue":[{"value":{"intVal":7}}],"originDataSourceId":"derived:com.google.activity.samples:com.google.android.gms:Xiaomi:Redmi Note 4:c498577325de9210:detailed","endTimeNanos":1496311779887000000,"dataTypeName":"com.google.activity.segment","startTimeNanos":1496311669273000000,"modifiedTimeMillis":1496318307834,"rawTimestampNanos":0},
        {"fitValue":[{"value":{"intVal":3}}],"originDataSourceId":"derived:com.google.activity.samples:com.google.android.gms:Xiaomi:Redmi Note 4:c498577325de9210:detailed","endTimeNanos":1496314357402000000,"dataTypeName":"com.google.activity.segment","startTimeNanos":1496311779887000000,"modifiedTimeMillis":1496318307834,"rawTimestampNanos":0},
        {"fitValue":[{"value":{"intVal":7}}],"originDataSourceId":"derived:com.google.activity.samples:com.google.android.gms:Xiaomi:Redmi Note 4:c498577325de9210:detailed","endTimeNanos":1496314417935000000,"dataTypeName":"com.google.activity.segment","startTimeNanos":1496314357402000000,"modifiedTimeMillis":1496318307834,"rawTimestampNanos":0},
        {"fitValue":[{"value":{"intVal":3}}],"originDataSourceId":"derived:com.google.activity.samples:com.google.android.gms:Xiaomi:Redmi Note 4:c498577325de9210:detailed","endTimeNanos":1496322653674000000,"dataTypeName":"com.google.activity.segment","startTimeNanos":1496314417935000000,"modifiedTimeMillis":1496329106085,"rawTimestampNanos":0},
        {"fitValue":[{"value":{"intVal":7}}],"originDataSourceId":"derived:com.google.activity.samples:com.google.android.gms:Xiaomi:Redmi Note 4:c498577325de9210:detailed","endTimeNanos":1496322895272000000,"dataTypeName":"com.google.activity.segment","startTimeNanos":1496322653674000000,"modifiedTimeMillis":1496329106085,"rawTimestampNanos":0},
        {"fitValue":[{"value":{"intVal":0}}],"originDataSourceId":"derived:com.google.activity.samples:com.google.android.gms:Xiaomi:Redmi Note 4:c498577325de9210:detailed","endTimeNanos":1496323957874000000,"dataTypeName":"com.google.activity.segment","startTimeNanos":1496322895272000000,"modifiedTimeMillis":1496329106085,"rawTimestampNanos":0},
        {"fitValue":[{"value":{"intVal":7}}],"originDataSourceId":"derived:com.google.activity.samples:com.google.android.gms:Xiaomi:Redmi Note 4:c498577325de9210:detailed","endTimeNanos":1496324018311000000,"dataTypeName":"com.google.activity.segment","startTimeNanos":1496323957874000000,"modifiedTimeMillis":1496329106085,"rawTimestampNanos":0},
        {"fitValue":[{"value":{"intVal":7}}],"originDataSourceId":"derived:com.google.activity.samples:com.google.android.gms:Xiaomi:Redmi Note 4:c498577325de9210:detailed","endTimeNanos":1496324533844000000,"dataTypeName":"com.google.activity.segment","startTimeNanos":1496324220567000000,"modifiedTimeMillis":1496329106085,"rawTimestampNanos":0},
        {"fitValue":[{"value":{"intVal":0}}],"originDataSourceId":"derived:com.google.activity.samples:com.google.android.gms:Xiaomi:Redmi Note 4:c498577325de9210:detailed","endTimeNanos":1496325608417000000,"dataTypeName":"com.google.activity.segment","startTimeNanos":1496324533844000000,"modifiedTimeMillis":1496329106085,"rawTimestampNanos":0},
        {"fitValue":[{"value":{"intVal":3}}],"originDataSourceId":"derived:com.google.activity.samples:com.google.android.gms:Xiaomi:Redmi Note 4:c498577325de9210:detailed","endTimeNanos":1496325731629000000,"dataTypeName":"com.google.activity.segment","startTimeNanos":1496325608417000000,"modifiedTimeMillis":1496329106085,"rawTimestampNanos":0},
        {"fitValue":[{"value":{"intVal":7}}],"originDataSourceId":"derived:com.google.activity.samples:com.google.android.gms:Xiaomi:Redmi Note 4:c498577325de9210:detailed","endTimeNanos":1496325858017000000,"dataTypeName":"com.google.activity.segment","startTimeNanos":1496325731629000000,"modifiedTimeMillis":1496329106085,"rawTimestampNanos":0},
        {"fitValue":[{"value":{"intVal":3}}],"originDataSourceId":"derived:com.google.activity.samples:com.google.android.gms:Xiaomi:Redmi Note 4:c498577325de9210:detailed","endTimeNanos":1496325890729000000,"dataTypeName":"com.google.activity.segment","startTimeNanos":1496325858017000000,"modifiedTimeMillis":1496329106085,"rawTimestampNanos":0},
        {"fitValue":[{"value":{"intVal":7}}],"originDataSourceId":"raw:com.google.step_count.cumulative:Xiaomi:Redmi Note 4:c498577325de9210:Step Counter","endTimeNanos":1496325918934000000,"dataTypeName":"com.google.activity.segment","startTimeNanos":1496325890729000000,"modifiedTimeMillis":1496329106085,"rawTimestampNanos":0},
        {"fitValue":[{"value":{"intVal":7}}],"originDataSourceId":"derived:com.google.activity.samples:com.google.android.gms:Xiaomi:Redmi Note 4:c498577325de9210:detailed","endTimeNanos":1496325972994000000,"dataTypeName":"com.google.activity.segment","startTimeNanos":1496325918934000000,"modifiedTimeMillis":1496329106085,"rawTimestampNanos":0},
        {"fitValue":[{"value":{"intVal":0}}],"originDataSourceId":"derived:com.google.activity.samples:com.google.android.gms:Xiaomi:Redmi Note 4:c498577325de9210:detailed","endTimeNanos":1496326326919000000,"dataTypeName":"com.google.activity.segment","startTimeNanos":1496325972994000000,"modifiedTimeMillis":1496329106085,"rawTimestampNanos":0},
        {"fitValue":[{"value":{"intVal":3}}],"originDataSourceId":"derived:com.google.activity.samples:com.google.android.gms:Xiaomi:Redmi Note 4:c498577325de9210:detailed","endTimeNanos":1496326731431000000,"dataTypeName":"com.google.activity.segment","startTimeNanos":1496326326919000000,"modifiedTimeMillis":1496329106085,"rawTimestampNanos":0},
        {"fitValue":[{"value":{"intVal":7}}],"originDataSourceId":"raw:com.google.step_count.cumulative:Xiaomi:Redmi Note 4:c498577325de9210:Step Counter","endTimeNanos":1496326731899000000,"dataTypeName":"com.google.activity.segment","startTimeNanos":1496326731431000000,"modifiedTimeMillis":1496329106085,"rawTimestampNanos":0},
        {"fitValue":[{"value":{"intVal":7}}],"originDataSourceId":"derived:com.google.activity.samples:com.google.android.gms:Xiaomi:Redmi Note 4:c498577325de9210:detailed","endTimeNanos":1496326982995000000,"dataTypeName":"com.google.activity.segment","startTimeNanos":1496326731899000000,"modifiedTimeMillis":1496329106085,"rawTimestampNanos":0},
        {"fitValue":[{"value":{"intVal":3}}],"originDataSourceId":"derived:com.google.activity.samples:com.google.android.gms:Xiaomi:Redmi Note 4:c498577325de9210:detailed","endTimeNanos":1496327841514000000,"dataTypeName":"com.google.activity.segment","startTimeNanos":1496326982995000000,"modifiedTimeMillis":1496329106085,"rawTimestampNanos":0},
        {"fitValue":[{"value":{"intVal":1}}],"originDataSourceId":"derived:com.google.activity.samples:com.google.android.gms:Xiaomi:Redmi Note 4:c498577325de9210:detailed","endTimeNanos":1496328673691000000,"dataTypeName":"com.google.activity.segment","startTimeNanos":1496327841514000000,"modifiedTimeMillis":1496329106085,"rawTimestampNanos":0},
        {"fitValue":[{"value":{"intVal":3}}],"originDataSourceId":"derived:com.google.activity.samples:com.google.android.gms:Xiaomi:Redmi Note 4:c498577325de9210:detailed","endTimeNanos":1496331376191000000,"dataTypeName":"com.google.activity.segment","startTimeNanos":1496328673691000000,"modifiedTimeMillis":1496332706350,"rawTimestampNanos":0},
        {"fitValue":[{"value":{"intVal":3}}],"originDataSourceId":"derived:com.google.activity.samples:com.google.android.gms:Xiaomi:Redmi Note 4:c498577325de9210:detailed","endTimeNanos":1496415329171000000,"dataTypeName":"com.google.activity.segment","startTimeNanos":1496331527749000000,"modifiedTimeMillis":1496426305526,"rawTimestampNanos":0},
        {"fitValue":[{"value":{"intVal":0}}],"originDataSourceId":"derived:com.google.activity.samples:com.google.android.gms:Xiaomi:Redmi Note 4:c498577325de9210:detailed","endTimeNanos":1496415936541000000,"dataTypeName":"com.google.activity.segment","startTimeNanos":1496415329171000000,"modifiedTimeMillis":1496426305526,"rawTimestampNanos":0},
        {"fitValue":[{"value":{"intVal":3}}],"originDataSourceId":"derived:com.google.activity.samples:com.google.android.gms:Xiaomi:Redmi Note 4:c498577325de9210:detailed","endTimeNanos":1496416560511000000,"dataTypeName":"com.google.activity.segment","startTimeNanos":1496415936541000000,"modifiedTimeMillis":1496426305526,"rawTimestampNanos":0},
        {"fitValue":[{"value":{"intVal":3}}],"originDataSourceId":"derived:com.google.activity.samples:com.google.android.gms:Xiaomi:Redmi Note 4:c498577325de9210:detailed","endTimeNanos":1496419596056000000,"dataTypeName":"com.google.activity.segment","startTimeNanos":1496416590473000000,"modifiedTimeMillis":1496426305526,"rawTimestampNanos":0},
        {"fitValue":[{"value":{"intVal":3}}],"originDataSourceId":"derived:com.google.activity.samples:com.google.android.gms:Xiaomi:Redmi Note 4:c498577325de9210:detailed","endTimeNanos":1496471470771000000,"dataTypeName":"com.google.activity.segment","startTimeNanos":1496419656307000000,"modifiedTimeMillis":1496473105455,"rawTimestampNanos":0},
        {"fitValue":[{"value":{"intVal":3}}],"originDataSourceId":"derived:com.google.activity.samples:com.google.android.gms:Xiaomi:Redmi Note 4:c498577325de9210:detailed","endTimeNanos":1496472537343000000,"dataTypeName":"com.google.activity.segment","startTimeNanos":1496471692748000000,"modifiedTimeMillis":1496473105455,"rawTimestampNanos":0},
        {"fitValue":[{"value":{"intVal":7}}],"originDataSourceId":"derived:com.google.activity.samples:com.google.android.gms:Xiaomi:Redmi Note 4:c498577325de9210:detailed","endTimeNanos":1496472586269000000,"dataTypeName":"com.google.activity.segment","startTimeNanos":1496472537343000000,"modifiedTimeMillis":1496473105455,"rawTimestampNanos":0},
        {"fitValue":[{"value":{"intVal":3}}],"originDataSourceId":"derived:com.google.activity.samples:com.google.android.gms:Xiaomi:Redmi Note 4:c498577325de9210:detailed","endTimeNanos":1496475464716000000,"dataTypeName":"com.google.activity.segment","startTimeNanos":1496472830185000000,"modifiedTimeMillis":1496476703372,"rawTimestampNanos":0},
        {"fitValue":[{"value":{"intVal":3}}],"originDataSourceId":"derived:com.google.activity.samples:com.google.android.gms:Xiaomi:Redmi Note 4:c498577325de9210:detailed","endTimeNanos":1496478478310000000,"dataTypeName":"com.google.activity.segment","startTimeNanos":1496475870526000000,"modifiedTimeMillis":1496480286884,"rawTimestampNanos":0},
        {"fitValue":[{"value":{"intVal":7}}],"originDataSourceId":"derived:com.google.activity.samples:com.google.android.gms:Xiaomi:Redmi Note 4:c498577325de9210:detailed","endTimeNanos":1496478538488000000,"dataTypeName":"com.google.activity.segment","startTimeNanos":1496478478310000000,"modifiedTimeMillis":1496480286884,"rawTimestampNanos":0},
        {"fitValue":[{"value":{"intVal":3}}],"originDataSourceId":"derived:com.google.activity.samples:com.google.android.gms:Xiaomi:Redmi Note 4:c498577325de9210:detailed","endTimeNanos":1496481804388000000,"dataTypeName":"com.google.activity.segment","startTimeNanos":1496478538488000000,"modifiedTimeMillis":1496483882823,"rawTimestampNanos":0},
        {"fitValue":[{"value":{"intVal":0}}],"originDataSourceId":"derived:com.google.activity.samples:com.google.android.gms:Xiaomi:Redmi Note 4:c498577325de9210:detailed","endTimeNanos":1496486490734000000,"dataTypeName":"com.google.activity.segment","startTimeNanos":1496481804388000000,"modifiedTimeMillis":1496491102690,"rawTimestampNanos":0},
        {"fitValue":[{"value":{"intVal":3}}],"originDataSourceId":"derived:com.google.activity.samples:com.google.android.gms:Xiaomi:Redmi Note 4:c498577325de9210:detailed","endTimeNanos":1496487167034000000,"dataTypeName":"com.google.activity.segment","startTimeNanos":1496486490734000000,"modifiedTimeMillis":1496491102690,"rawTimestampNanos":0},
        {"fitValue":[{"value":{"intVal":0}}],"originDataSourceId":"derived:com.google.activity.samples:com.google.android.gms:Xiaomi:Redmi Note 4:c498577325de9210:detailed","endTimeNanos":1496488436662000000,"dataTypeName":"com.google.activity.segment","startTimeNanos":1496487167034000000,"modifiedTimeMillis":1496491102690,"rawTimestampNanos":0},
        {"fitValue":[{"value":{"intVal":7}}],"originDataSourceId":"derived:com.google.activity.samples:com.google.android.gms:Xiaomi:Redmi Note 4:c498577325de9210:detailed","endTimeNanos":1496488626341000000,"dataTypeName":"com.google.activity.segment","startTimeNanos":1496488436662000000,"modifiedTimeMillis":1496491102690,"rawTimestampNanos":0},
        {"fitValue":[{"value":{"intVal":3}}],"originDataSourceId":"derived:com.google.activity.samples:com.google.android.gms:Xiaomi:Redmi Note 4:c498577325de9210:detailed","endTimeNanos":1496492872270000000,"dataTypeName":"com.google.activity.segment","startTimeNanos":1496488626341000000,"modifiedTimeMillis":1496505476773,"rawTimestampNanos":0},
        {"fitValue":[{"value":{"intVal":0}}],"originDataSourceId":"derived:com.google.activity.samples:com.google.android.gms:Xiaomi:Redmi Note 4:c498577325de9210:detailed","endTimeNanos":1496493858840000000,"dataTypeName":"com.google.activity.segment","startTimeNanos":1496492872270000000,"modifiedTimeMillis":1496505476773,"rawTimestampNanos":0},
        {"fitValue":[{"value":{"intVal":3}}],"originDataSourceId":"derived:com.google.activity.samples:com.google.android.gms:Xiaomi:Redmi Note 4:c498577325de9210:detailed","endTimeNanos":1496494454005000000,"dataTypeName":"com.google.activity.segment","startTimeNanos":1496493858840000000,"modifiedTimeMillis":1496505476773,"rawTimestampNanos":0},
        {"fitValue":[{"value":{"intVal":7}}],"originDataSourceId":"derived:com.google.activity.samples:com.google.android.gms:Xiaomi:Redmi Note 4:c498577325de9210:detailed","endTimeNanos":1496494565837000000,"dataTypeName":"com.google.activity.segment","startTimeNanos":1496494454005000000,"modifiedTimeMillis":1496505476773,"rawTimestampNanos":0},
        {"fitValue":[{"value":{"intVal":3}}],"originDataSourceId":"derived:com.google.activity.samples:com.google.android.gms:Xiaomi:Redmi Note 4:c498577325de9210:detailed","endTimeNanos":1496494776643000000,"dataTypeName":"com.google.activity.segment","startTimeNanos":1496494565837000000,"modifiedTimeMillis":1496505476773,"rawTimestampNanos":0},
        {"fitValue":[{"value":{"intVal":0}}],"originDataSourceId":"derived:com.google.activity.samples:com.google.android.gms:Xiaomi:Redmi Note 4:c498577325de9210:detailed","endTimeNanos":1496495643349000000,"dataTypeName":"com.google.activity.segment","startTimeNanos":1496494776643000000,"modifiedTimeMillis":1496505476773,"rawTimestampNanos":0},
        {"fitValue":[{"value":{"intVal":7}}],"originDataSourceId":"derived:com.google.activity.samples:com.google.android.gms:Xiaomi:Redmi Note 4:c498577325de9210:detailed","endTimeNanos":1496495843134000000,"dataTypeName":"com.google.activity.segment","startTimeNanos":1496495643349000000,"modifiedTimeMillis":1496505476773,"rawTimestampNanos":0},
        {"fitValue":[{"value":{"intVal":3}}],"originDataSourceId":"derived:com.google.activity.samples:com.google.android.gms:Xiaomi:Redmi Note 4:c498577325de9210:detailed","endTimeNanos":1496495904154000000,"dataTypeName":"com.google.activity.segment","startTimeNanos":1496495843134000000,"modifiedTimeMillis":1496505476773,"rawTimestampNanos":0},
        {"fitValue":[{"value":{"intVal":0}}],"originDataSourceId":"derived:com.google.activity.samples:com.google.android.gms:Xiaomi:Redmi Note 4:c498577325de9210:detailed","endTimeNanos":1496496796422000000,"dataTypeName":"com.google.activity.segment","startTimeNanos":1496495904154000000,"modifiedTimeMillis":1496505476773,"rawTimestampNanos":0},
        {"fitValue":[{"value":{"intVal":3}}],"originDataSourceId":"derived:com.google.activity.samples:com.google.android.gms:Xiaomi:Redmi Note 4:c498577325de9210:detailed","endTimeNanos":1496499724923000000,"dataTypeName":"com.google.activity.segment","startTimeNanos":1496496796422000000,"modifiedTimeMillis":1496505476773,"rawTimestampNanos":0},
        {"fitValue":[{"value":{"intVal":0}}],"originDataSourceId":"derived:com.google.activity.samples:com.google.android.gms:Xiaomi:Redmi Note 4:c498577325de9210:detailed","endTimeNanos":1496502671443000000,"dataTypeName":"com.google.activity.segment","startTimeNanos":1496499724923000000,"modifiedTimeMillis":1496505476773,"rawTimestampNanos":0},
        {"fitValue":[{"value":{"intVal":7}}],"originDataSourceId":"derived:com.google.activity.samples:com.google.android.gms:Xiaomi:Redmi Note 4:c498577325de9210:detailed","endTimeNanos":1496502868260000000,"dataTypeName":"com.google.activity.segment","startTimeNanos":1496502671443000000,"modifiedTimeMillis":1496505476773,"rawTimestampNanos":0},
        {"fitValue":[{"value":{"intVal":3}}],"originDataSourceId":"derived:com.google.activity.samples:com.google.android.gms:Xiaomi:Redmi Note 4:c498577325de9210:detailed","endTimeNanos":1496502989067000000,"dataTypeName":"com.google.activity.segment","startTimeNanos":1496502868260000000,"modifiedTimeMillis":1496505476773,"rawTimestampNanos":0},
        {"fitValue":[{"value":{"intVal":3}}],"originDataSourceId":"derived:com.google.activity.samples:com.google.android.gms:Xiaomi:Redmi Note 4:c498577325de9210:detailed","endTimeNanos":1496503828310000000,"dataTypeName":"com.google.activity.segment","startTimeNanos":1496503400567000000,"modifiedTimeMillis":1496505476773,"rawTimestampNanos":0},
        {"fitValue":[{"value":{"intVal":7}}],"originDataSourceId":"derived:com.google.activity.samples:com.google.android.gms:Xiaomi:Redmi Note 4:c498577325de9210:detailed","endTimeNanos":1496503961745000000,"dataTypeName":"com.google.activity.segment","startTimeNanos":1496503828310000000,"modifiedTimeMillis":1496505476773,"rawTimestampNanos":0},
        {"fitValue":[{"value":{"intVal":0}}],"originDataSourceId":"derived:com.google.activity.samples:com.google.android.gms:Xiaomi:Redmi Note 4:c498577325de9210:detailed","endTimeNanos":1496505895376000000,"dataTypeName":"com.google.activity.segment","startTimeNanos":1496503961745000000,"modifiedTimeMillis":1496509100994,"rawTimestampNanos":0},
        {"fitValue":[{"value":{"intVal":3}}],"originDataSourceId":"derived:com.google.activity.samples:com.google.android.gms:Xiaomi:Redmi Note 4:c498577325de9210:detailed","endTimeNanos":1496508345988000000,"dataTypeName":"com.google.activity.segment","startTimeNanos":1496505895376000000,"modifiedTimeMillis":1496509100994,"rawTimestampNanos":0},
        {"fitValue":[{"value":{"intVal":3}}],"originDataSourceId":"derived:com.google.activity.samples:com.google.android.gms:Xiaomi:Redmi Note 4:c498577325de9210:detailed","endTimeNanos":1496551188973000000,"dataTypeName":"com.google.activity.segment","startTimeNanos":1496508687383000000,"modifiedTimeMillis":1496552304646,"rawTimestampNanos":0},
        {"fitValue":[{"value":{"intVal":3}}],"originDataSourceId":"derived:com.google.activity.samples:com.google.android.gms:Xiaomi:Redmi Note 4:c498577325de9210:detailed","endTimeNanos":1496566043523000000,"dataTypeName":"com.google.activity.segment","startTimeNanos":1496551240897000000,"modifiedTimeMillis":1496573905973,"rawTimestampNanos":0},
        {"fitValue":[{"value":{"intVal":7}}],"originDataSourceId":"derived:com.google.activity.samples:com.google.android.gms:Xiaomi:Redmi Note 4:c498577325de9210:detailed","endTimeNanos":1496566163757000000,"dataTypeName":"com.google.activity.segment","startTimeNanos":1496566043523000000,"modifiedTimeMillis":1496573905973,"rawTimestampNanos":0},
        {"fitValue":[{"value":{"intVal":0}}],"originDataSourceId":"derived:com.google.activity.samples:com.google.android.gms:Xiaomi:Redmi Note 4:c498577325de9210:detailed","endTimeNanos":1496568009100000000,"dataTypeName":"com.google.activity.segment","startTimeNanos":1496566163757000000,"modifiedTimeMillis":1496573905973,"rawTimestampNanos":0},
        {"fitValue":[{"value":{"intVal":3}}],"originDataSourceId":"derived:com.google.activity.samples:com.google.android.gms:Xiaomi:Redmi Note 4:c498577325de9210:detailed","endTimeNanos":1496571480346000000,"dataTypeName":"com.google.activity.segment","startTimeNanos":1496568009100000000,"modifiedTimeMillis":1496573905973,"rawTimestampNanos":0},
        {"fitValue":[{"value":{"intVal":7}}],"originDataSourceId":"derived:com.google.activity.samples:com.google.android.gms:Xiaomi:Redmi Note 4:c498577325de9210:detailed","endTimeNanos":1496571605697000000,"dataTypeName":"com.google.activity.segment","startTimeNanos":1496571480346000000,"modifiedTimeMillis":1496573905973,"rawTimestampNanos":0},
        {"fitValue":[{"value":{"intVal":0}}],"originDataSourceId":"derived:com.google.activity.samples:com.google.android.gms:Xiaomi:Redmi Note 4:c498577325de9210:detailed","endTimeNanos":1496574663535000000,"dataTypeName":"com.google.activity.segment","startTimeNanos":1496571605697000000,"modifiedTimeMillis":1496577505390,"rawTimestampNanos":0},
        {"fitValue":[{"value":{"intVal":3}}],"originDataSourceId":"derived:com.google.activity.samples:com.google.android.gms:Xiaomi:Redmi Note 4:c498577325de9210:detailed","endTimeNanos":1496592682703000000,"dataTypeName":"com.google.activity.segment","startTimeNanos":1496574663535000000,"modifiedTimeMillis":1496657406167,"rawTimestampNanos":0},
        {"fitValue":[{"value":{"intVal":7}}],"originDataSourceId":"derived:com.google.activity.samples:com.google.android.gms:Xiaomi:Redmi Note 4:c498577325de9210:detailed","endTimeNanos":1496592714427000000,"dataTypeName":"com.google.activity.segment","startTimeNanos":1496592682703000000,"modifiedTimeMillis":1496657406167,"rawTimestampNanos":0},
        {"fitValue":[{"value":{"intVal":3}}],"originDataSourceId":"derived:com.google.activity.samples:com.google.android.gms:Xiaomi:Redmi Note 4:c498577325de9210:detailed","endTimeNanos":1496660470327000000,"dataTypeName":"com.google.activity.segment","startTimeNanos":1496592714427000000,"modifiedTimeMillis":1496662944053,"rawTimestampNanos":0},
        {"fitValue":[{"value":{"intVal":0}}],"originDataSourceId":"derived:com.google.activity.samples:com.google.android.gms:Xiaomi:Redmi Note 4:c498577325de9210:detailed","endTimeNanos":1496661012639000000,"dataTypeName":"com.google.activity.segment","startTimeNanos":1496660470327000000,"modifiedTimeMillis":1496662944053,"rawTimestampNanos":0},
        {"fitValue":[{"value":{"intVal":3}}],"originDataSourceId":"derived:com.google.activity.samples:com.google.android.gms:Xiaomi:Redmi Note 4:c498577325de9210:detailed","endTimeNanos":1496668286838000000,"dataTypeName":"com.google.activity.segment","startTimeNanos":1496661012639000000,"modifiedTimeMillis":1496671107258,"rawTimestampNanos":0},
        {"fitValue":[{"value":{"intVal":7}}],"originDataSourceId":"derived:com.google.activity.samples:com.google.android.gms:Xiaomi:Redmi Note 4:c498577325de9210:detailed","endTimeNanos":1496668351829000000,"dataTypeName":"com.google.activity.segment","startTimeNanos":1496668286838000000,"modifiedTimeMillis":1496671107258,"rawTimestampNanos":0},
        {"fitValue":[{"value":{"intVal":3}}],"originDataSourceId":"derived:com.google.activity.samples:com.google.android.gms:Xiaomi:Redmi Note 4:c498577325de9210:detailed","endTimeNanos":1496668417789000000,"dataTypeName":"com.google.activity.segment","startTimeNanos":1496668351829000000,"modifiedTimeMillis":1496671107258,"rawTimestampNanos":0},
        {"fitValue":[{"value":{"intVal":0}}],"originDataSourceId":"derived:com.google.activity.samples:com.google.android.gms:Xiaomi:Redmi Note 4:c498577325de9210:detailed","endTimeNanos":1496670017929000000,"dataTypeName":"com.google.activity.segment","startTimeNanos":1496668417789000000,"modifiedTimeMillis":1496671107258,"rawTimestampNanos":0},
        {"fitValue":[{"value":{"intVal":3}}],"originDataSourceId":"derived:com.google.activity.samples:com.google.android.gms:Xiaomi:Redmi Note 4:c498577325de9210:detailed","endTimeNanos":1496671572893000000,"dataTypeName":"com.google.activity.segment","startTimeNanos":1496670017929000000,"modifiedTimeMillis":1496674704892,"rawTimestampNanos":0},
        {"fitValue":[{"value":{"intVal":3}}],"originDataSourceId":"derived:com.google.activity.samples:com.google.android.gms:Xiaomi:Redmi Note 4:c498577325de9210:detailed","endTimeNanos":1496747319599000000,"dataTypeName":"com.google.activity.segment","startTimeNanos":1496671729074000000,"modifiedTimeMillis":1496748918601,"rawTimestampNanos":0},
        {"fitValue":[{"value":{"intVal":7}}],"originDataSourceId":"derived:com.google.activity.samples:com.google.android.gms:Xiaomi:Redmi Note 4:c498577325de9210:detailed","endTimeNanos":1496747335637000000,"dataTypeName":"com.google.activity.segment","startTimeNanos":1496747319599000000,"modifiedTimeMillis":1496748918601,"rawTimestampNanos":0},
        {"fitValue":[{"value":{"intVal":3}}],"originDataSourceId":"derived:com.google.activity.samples:com.google.android.gms:Xiaomi:Redmi Note 4:c498577325de9210:detailed","endTimeNanos":1496748352701000000,"dataTypeName":"com.google.activity.segment","startTimeNanos":1496747335637000000,"modifiedTimeMillis":1496748918601,"rawTimestampNanos":0},
        {"fitValue":[{"value":{"intVal":3}}],"originDataSourceId":"derived:com.google.activity.samples:com.google.android.gms:Xiaomi:Redmi Note 4:c498577325de9210:detailed","endTimeNanos":1496756660962000000,"dataTypeName":"com.google.activity.segment","startTimeNanos":1496748466736000000,"modifiedTimeMillis":1496757505957,"rawTimestampNanos":0},
        {"fitValue":[{"value":{"intVal":7}}],"originDataSourceId":"derived:com.google.activity.samples:com.google.android.gms:Xiaomi:Redmi Note 4:c498577325de9210:detailed","endTimeNanos":1496756726928000000,"dataTypeName":"com.google.activity.segment","startTimeNanos":1496756660962000000,"modifiedTimeMillis":1496757505957,"rawTimestampNanos":0},
        {"fitValue":[{"value":{"intVal":3}}],"originDataSourceId":"derived:com.google.activity.samples:com.google.android.gms:Xiaomi:Redmi Note 4:c498577325de9210:detailed","endTimeNanos":1496766738435000000,"dataTypeName":"com.google.activity.segment","startTimeNanos":1496756726928000000,"modifiedTimeMillis":1496829732754,"rawTimestampNanos":0}
    ]
}