{
    "Data Source": "derived:com.google.activity.segment:com.google.android.gms:session_activity_segment",
    "Data Points": [
        {"fitValue":[{"value":{"intVal":10}}],"originDataSourceId":"derived:com.google.activity.segment:com.google.android.apps.fitness:session_activity_segment","endTimeNanos":1495552200000000000,"dataTypeName":"com.google.activity.segment","startTimeNanos":1495549800000000000,"modifiedTimeMillis":1495555103974,"rawTimestampNanos":0},
        {"fitValue":[{"value":{"intVal":7}}],"originDataSourceId":"derived:com.google.activity.segment:com.google.android.apps.fitness:Xiaomi:Redmi Note 4:c498577325de9210:session_activity_segment","endTimeNanos":1495553304208000000,"dataTypeName":"com.google.activity.segment","startTimeNanos":1495553061120000000,"modifiedTimeMillis":1495553767153,"rawTimestampNanos":0},
        {"fitValue":[{"value":{"intVal":1}}],"originDataSourceId":"derived:com.google.activity.segment:com.google.android.apps.fitness:session_activity_segment","endTimeNanos":1597194943303000000,"dataTypeName":"com.google.activity.segment","startTimeNanos":1597194382252000000,"modifiedTimeMillis":1597202210945,"rawTimestampNanos":0},
        {"fitValue":[{"value":{"intVal":1}}],"originDataSourceId":"derived:com.google.activity.segment:com.google.android.apps.fitness:Compal:Fossil Sport:fd6b573b4a1f9906:session_activity_segment","endTimeNanos":1597194943861000000,"dataTypeName":"com.google.activity.segment","startTimeNanos":1597194382252000000,"modifiedTimeMillis":1597202210945,"rawTimestampNanos":0},
        {"fitValue":[{"value":{"intVal":56}}],"originDataSourceId":"derived:com.google.activity.segment:com.google.android.apps.fitness:session_activity_segment","endTimeNanos":1597195500035000000,"dataTypeName":"com.google.activity.segment","startTimeNanos":1597194980363000000,"modifiedTimeMillis":1597202210945,"rawTimestampNanos":0},
        {"fitValue":[{"value":{"intVal":56}}],"originDataSourceId":"derived:com.google.activity.segment:com.google.android.apps.fitness:Compal:Fossil Sport:fd6b573b4a1f9906:session_activity_segment","endTimeNanos":1597195500763000000,"dataTypeName":"com.google.activity.segment","startTimeNanos":1597194980363000000,"modifiedTimeMillis":1597202210945,"rawTimestampNanos":0},
        {"fitValue":[{"value":{"intVal":1}}],"originDataSourceId":"derived:com.google.activity.segment:com.google.android.apps.fitness:session_activity_segment","endTimeNanos":1597198094441000000,"dataTypeName":"com.google.activity.segment","startTimeNanos":1597195819131000000,"modifiedTimeMillis":1597202215307,"rawTimestampNanos":0},
        {"fitValue":[{"value":{"intVal":1}}],"originDataSourceId":"derived:com.google.activity.segment:com.google.android.apps.fitness:Compal:Fossil Sport:fd6b573b4a1f9906:session_activity_segment","endTimeNanos":1597198094722000000,"dataTypeName":"com.google.activity.segment","startTimeNanos":1597195819131000000,"modifiedTimeMillis":1597202215307,"rawTimestampNanos":0},
        {"fitValue":[{"value":{"intVal":122}}],"originDataSourceId":"derived:com.google.activity.segment:com.google.android.apps.fitness:session_activity_segment","endTimeNanos":1597209140527000000,"dataTypeName":"com.google.activity.segment","startTimeNanos":1597209040373000000,"modifiedTimeMillis":1597209541991,"rawTimestampNanos":0},
        {"fitValue":[{"value":{"intVal":1}}],"originDataSourceId":"derived:com.google.activity.segment:com.google.android.apps.fitness:session_activity_segment","endTimeNanos":1597325998316000000,"dataTypeName":"com.google.activity.segment","startTimeNanos":1597323260788000000,"modifiedTimeMillis":1597328768582,"rawTimestampNanos":0},
        {"fitValue":[{"value":{"intVal":1}}],"originDataSourceId":"derived:com.google.activity.segment:com.google.android.apps.fitness:Compal:Fossil Sport:fd6b573b4a1f9906:session_activity_segment","endTimeNanos":1597325998756000000,"dataTypeName":"com.google.activity.segment","startTimeNanos":1597323260788000000,"modifiedTimeMillis":1597328768582,"rawTimestampNanos":0}
    ]
}