{
    "Data Source": "derived:com.google.heart_minutes:com.google.android.gms:from_heart_rate\u003c-merge_heart_rate_bpm",
    "Data Points": [
        {"fitValue":[{"value":{"fpVal":1}}],"originDataSourceId":"derived:com.google.heart_rate.bpm:com.google.android.gms:merge_heart_rate_bpm","endTimeNanos":1597194480000000000,"dataTypeName":"com.google.heart_minutes","startTimeNanos":1597194420000000000,"modifiedTimeMillis":1597202216358,"rawTimestampNanos":0},
        {"fitValue":[{"value":{"fpVal":1}}],"originDataSourceId":"derived:com.google.heart_rate.bpm:com.google.android.gms:merge_heart_rate_bpm","endTimeNanos":1597194540000000000,"dataTypeName":"com.google.heart_minutes","startTimeNanos":1597194480000000000,"modifiedTimeMillis":1597202216358,"rawTimestampNanos":0},
        {"fitValue":[{"value":{"fpVal":1}}],"originDataSourceId":"derived:com.google.heart_rate.bpm:com.google.android.gms:merge_heart_rate_bpm","endTimeNanos":1597194600000000000,"dataTypeName":"com.google.heart_minutes","startTimeNanos":1597194540000000000,"modifiedTimeMillis":1597202216358,"rawTimestampNanos":0},
        {"fitValue":[{"value":{"fpVal":1}}],"originDataSourceId":"derived:com.google.heart_rate.bpm:com.google.android.gms:merge_heart_rate_bpm","endTimeNanos":1597194660000000000,"dataTypeName":"com.google.heart_minutes","startTimeNanos":1597194600000000000,"modifiedTimeMillis":1597202216358,"rawTimestampNanos":0},
        {"fitValue":[{"value":{"fpVal":1}}],"originDataSourceId":"derived:com.google.heart_rate.bpm:com.google.android.gms:merge_heart_rate_bpm","endTimeNanos":1597194720000000000,"dataTypeName":"com.google.heart_minutes","startTimeNanos":1597194660000000000,"modifiedTimeMillis":1597202216358,"rawTimestampNanos":0},
        {"fitValue":[{"value":{"fpVal":1}}],"originDataSourceId":"derived:com.google.heart_rate.bpm:com.google.android.gms:merge_heart_rate_bpm","endTimeNanos":1597194780000000000,"dataTypeName":"com.google.heart_minutes","startTimeNanos":1597194720000000000,"modifiedTimeMillis":1597202216358,"rawTimestampNanos":0},
        {"fitValue":[{"value":{"fpVal":1}}],"originDataSourceId":"derived:com.google.heart_rate.bpm:com.google.android.gms:merge_heart_rate_bpm","endTimeNanos":1597194840000000000,"dataTypeName":"com.google.heart_minutes","startTimeNanos":1597194780000000000,"modifiedTimeMillis":1597202216358,"rawTimestampNanos":0},
        {"fitValue":[{"value":{"fpVal":1}}],"originDataSourceId":"derived:com.google.heart_rate.bpm:com.google.android.gms:merge_heart_rate_bpm","endTimeNanos":1597194900000000000,"dataTypeName":"com.google.heart_minutes","startTimeNanos":1597194840000000000,"modifiedTimeMillis":1597202216358,"rawTimestampNanos":0},
        {"fitValue":[{"value":{"fpVal":2}}],"originDataSourceId":"derived:com.google.heart_rate.bpm:com.google.android.gms:merge_heart_rate_bpm","endTimeNanos":1597195080000000000,"dataTypeName":"com.google.heart_minutes","startTimeNanos":1597195020000000000,"modifiedTimeMillis":1597202219731,"rawTimestampNanos":0},
        {"fitValue":[{"value":{"fpVal":2}}],"originDataSourceId":"derived:com.google.heart_rate.bpm:com.google.android.gms:merge_heart_rate_bpm","endTimeNanos":1597195140000000000,"dataTypeName":"com.google.heart_minutes","startTimeNanos":1597195080000000000,"modifiedTimeMillis":1597202219731,"rawTimestampNanos":0},
        {"fitValue":[{"value":{"fpVal":2}}],"originDataSourceId":"derived:com.google.heart_rate.bpm:com.google.android.gms:merge_heart_rate_bpm","endTimeNanos":1597195200000000000,"dataTypeName":"com.google.heart_minutes","startTimeNanos":1597195140000000000,"modifiedTimeMillis":1597202219731,"rawTimestampNanos":0},
        {"fitValue":[{"value":{"fpVal":1}}],"originDataSourceId":"derived:com.google.heart_rate.bpm:com.google.android.gms:merge_heart_rate_bpm","endTimeNanos":1597195260000000000,"dataTypeName":"com.google.heart_minutes","startTimeNanos":1597195200000000000,"modifiedTimeMillis":1597202219731,"rawTimestampNanos":0},
        {"fitValue":[{"value":{"fpVal":1}}],"originDataSourceId":"derived:com.google.heart_rate.bpm:com.google.android.gms:merge_heart_rate_bpm","endTimeNanos":1597195320000000000,"dataTypeName":"com.google.heart_minutes","startTimeNanos":1597195260000000000,"modifiedTimeMillis":1597202219731,"rawTimestampNanos":0},
        {"fitValue":[{"value":{"fpVal":1}}],"originDataSourceId":"derived:com.google.heart_rate.bpm:com.google.android.gms:merge_heart_rate_bpm","endTimeNanos":1597195380000000000,"dataTypeName":"com.google.heart_minutes","startTimeNanos":1597195320000000000,"modifiedTimeMillis":1597202219731,"rawTimestampNanos":0},
        {"fitValue":[{"value":{"fpVal":1}}],"originDataSourceId":"derived:com.google.heart_rate.bpm:com.google.android.gms:merge_heart_rate_bpm","endTimeNanos":1597195440000000000,"dataTypeName":"com.google.heart_minutes","startTimeNanos":1597195380000000000,"modifiedTimeMillis":1597202219731,"rawTimestampNanos":0},
        {"fitValue":[{"value":{"fpVal":2}}],"originDataSourceId":"derived:com.google.heart_rate.bpm:com.google.android.gms:merge_heart_rate_bpm","endTimeNanos":1597195500000000000,"dataTypeName":"com.google.heart_minutes","startTimeNanos":1597195440000000000,"modifiedTimeMillis":1597202219731,"rawTimestampNanos":0},
        {"fitValue":[{"value":{"fpVal":2}}],"originDataSourceId":"derived:com.google.heart_rate.bpm:com.google.android.gms:merge_heart_rate_bpm","endTimeNanos":1597195920000000000,"dataTypeName":"com.google.heart_minutes","startTimeNanos":1597195860000000000,"modifiedTimeMillis":1597202220467,"rawTimestampNanos":0},
        {"fitValue":[{"value":{"fpVal":2}}],"originDataSourceId":"derived:com.google.heart_rate.bpm:com.google.android.gms:merge_heart_rate_bpm","endTimeNanos":1597195980000000000,"dataTypeName":"com.google.heart_minutes","startTimeNanos":1597195920000000000,"modifiedTimeMillis":1597202220467,"rawTimestampNanos":0},
        {"fitValue":[{"value":{"fpVal":1}}],"originDataSourceId":"derived:com.google.heart_rate.bpm:com.google.android.gms:merge_heart_rate_bpm","endTimeNanos":1597196040000000000,"dataTypeName":"com.google.heart_minutes","startTimeNanos":1597195980000000000,"modifiedTimeMillis":1597202220467,"rawTimestampNanos":0},
        {"fitValue":[{"value":{"fpVal":1}}],"originDataSourceId":"derived:com.google.heart_rate.bpm:com.google.android.gms:merge_heart_rate_bpm","endTimeNanos":1597196100000000000,"dataTypeName":"com.google.heart_minutes","startTimeNanos":1597196040000000000,"modifiedTimeMillis":1597202220467,"rawTimestampNanos":0},
        {"fitValue":[{"value":{"fpVal":2}}],"originDataSourceId":"derived:com.google.heart_rate.bpm:com.google.android.gms:merge_heart_rate_bpm","endTimeNanos":1597196160000000000,"dataTypeName":"com.google.heart_minutes","startTimeNanos":1597196100000000000,"modifiedTimeMillis":1597202220467,"rawTimestampNanos":0},
        {"fitValue":[{"value":{"fpVal":2}}],"originDataSourceId":"derived:com.google.heart_rate.bpm:com.google.android.gms:merge_heart_rate_bpm","endTimeNanos":1597196220000000000,"dataTypeName":"com.google.heart_minutes","startTimeNanos":1597196160000000000,"modifiedTimeMillis":1597202220467,"rawTimestampNanos":0},
        {"fitValue":[{"value":{"fpVal":2}}],"originDataSourceId":"derived:com.google.heart_rate.bpm:com.google.android.gms:merge_heart_rate_bpm","endTimeNanos":1597196280000000000,"dataTypeName":"com.google.heart_minutes","startTimeNanos":1597196220000000000,"modifiedTimeMillis":1597202220467,"rawTimestampNanos":0},
        {"fitValue":[{"value":{"fpVal":2}}],"originDataSourceId":"derived:com.google.heart_rate.bpm:com.google.android.gms:merge_heart_rate_bpm","endTimeNanos":1597196340000000000,"dataTypeName":"com.google.heart_minutes","startTimeNanos":1597196280000000000,"modifiedTimeMillis":1597202220467,"rawTimestampNanos":0},
        {"fitValue":[{"value":{"fpVal":2}}],"originDataSourceId":"derived:com.google.heart_rate.bpm:com.google.android.gms:merge_heart_rate_bpm","endTimeNanos":1597196400000000000,"dataTypeName":"com.google.heart_minutes","startTimeNanos":1597196340000000000,"modifiedTimeMillis":1597202220467,"rawTimestampNanos":0},
        {"fitValue":[{"value":{"fpVal":2}}],"originDataSourceId":"derived:com.google.heart_rate.bpm:com.google.android.gms:merge_heart_rate_bpm","endTimeNanos":1597196460000000000,"dataTypeName":"com.google.heart_minutes","startTimeNanos":1597196400000000000,"modifiedTimeMillis":1597202220467,"rawTimestampNanos":0},
        {"fitValue":[{"value":{"fpVal":2}}],"originDataSourceId":"derived:com.google.heart_rate.bpm:com.google.android.gms:merge_heart_rate_bpm","endTimeNanos":1597196520000000000,"dataTypeName":"com.google.heart_minutes","startTimeNanos":1597196460000000000,"modifiedTimeMillis":1597202220467,"rawTimestampNanos":0},
        {"fitValue":[{"value":{"fpVal":2}}],"originDataSourceId":"derived:com.google.heart_rate.bpm:com.google.android.gms:merge_heart_rate_bpm","endTimeNanos":1597196580000000000,"dataTypeName":"com.google.heart_minutes","startTimeNanos":1597196520000000000,"modifiedTimeMillis":1597202220467,"rawTimestampNanos":0},
        {"fitValue":[{"value":{"fpVal":2}}],"originDataSourceId":"derived:com.google.heart_rate.bpm:com.google.android.gms:merge_heart_rate_bpm","endTimeNanos":1597196640000000000,"dataTypeName":"com.google.heart_minutes","startTimeNanos":1597196580000000000,"modifiedTimeMillis":1597202220467,"rawTimestampNanos":0},
        {"fitValue":[{"value":{"fpVal":2}}],"originDataSourceId":"derived:com.google.heart_rate.bpm:com.google.android.gms:merge_heart_rate_bpm","endTimeNanos":1597196700000000000,"dataTypeName":"com.google.heart_minutes","startTimeNanos":1597196640000000000,"modifiedTimeMillis":1597202220467,"rawTimestampNanos":0},
        {"fitValue":[{"value":{"fpVal":2}}],"originDataSourceId":"derived:com.google.heart_rate.bpm:com.google.android.gms:merge_heart_rate_bpm","endTimeNanos":1597196760000000000,"dataTypeName":"com.google.heart_minutes","startTimeNanos":1597196700000000000,"modifiedTimeMillis":1597202220467,"rawTimestampNanos":0},
        {"fitValue":[{"value":{"fpVal":2}}],"originDataSourceId":"derived:com.google.heart_rate.bpm:com.google.android.gms:merge_heart_rate_bpm","endTimeNanos":1597196820000000000,"dataTypeName":"com.google.heart_minutes","startTimeNanos":1597196760000000000,"modifiedTimeMillis":1597202220467,"rawTimestampNanos":0},
        {"fitValue":[{"value":{"fpVal":2}}],"originDataSourceId":"derived:com.google.heart_rate.bpm:com.google.android.gms:merge_heart_rate_bpm","endTimeNanos":1597196880000000000,"dataTypeName":"com.google.heart_minutes","startTimeNanos":1597196820000000000,"modifiedTimeMillis":1597202220467,"rawTimestampNanos":0},
        {"fitValue":[{"value":{"fpVal":2}}],"originDataSourceId":"derived:com.google.heart_rate.bpm:com.google.android.gms:merge_heart_rate_bpm","endTimeNanos":1597196940000000000,"dataTypeName":"com.google.heart_minutes","startTimeNanos":1597196880000000000,"modifiedTimeMillis":1597202220467,"rawTimestampNanos":0},
        {"fitValue":[{"value":{"fpVal":2}}],"originDataSourceId":"derived:com.google.heart_rate.bpm:com.google.android.gms:merge_heart_rate_bpm","endTimeNanos":1597197000000000000,"dataTypeName":"com.google.heart_minutes","startTimeNanos":1597196940000000000,"modifiedTimeMillis":1597202220467,"rawTimestampNanos":0},
        {"fitValue":[{"value":{"fpVal":2}}],"originDataSourceId":"derived:com.google.heart_rate.bpm:com.google.android.gms:merge_heart_rate_bpm","endTimeNanos":1597197060000000000,"dataTypeName":"com.google.heart_minutes","startTimeNanos":1597197000000000000,"modifiedTimeMillis":1597202220467,"rawTimestampNanos":0},
        {"fitValue":[{"value":{"fpVal":2}}],"originDataSourceId":"derived:com.google.heart_rate.bpm:com.google.android.gms:merge_heart_rate_bpm","endTimeNanos":1597197120000000000,"dataTypeName":"com.google.heart_minutes","startTimeNanos":1597197060000000000,"modifiedTimeMillis":1597202220467,"rawTimestampNanos":0},
        {"fitValue":[{"value":{"fpVal":2}}],"originDataSourceId":"derived:com.google.heart_rate.bpm:com.google.android.gms:merge_heart_rate_bpm","endTimeNanos":1597197840000000000,"dataTypeName":"com.google.heart_minutes","startTimeNanos":1597197780000000000,"modifiedTimeMillis":1597202220467,"rawTimestampNanos":0},
        {"fitValue":[{"value":{"fpVal":2}}],"originDataSourceId":"derived:com.google.heart_rate.bpm:com.google.android.gms:merge_heart_rate_bpm","endTimeNanos":1597197900000000000,"dataTypeName":"com.google.heart_minutes","startTimeNanos":1597197840000000000,"modifiedTimeMillis":1597202220467,"rawTimestampNanos":0},
        {"fitValue":[{"value":{"fpVal":2}}],"originDataSourceId":"derived:com.google.heart_rate.bpm:com.google.android.gms:merge_heart_rate_bpm","endTimeNanos":1597197960000000000,"dataTypeName":"com.google.heart_minutes","startTimeNanos":1597197900000000000,"modifiedTimeMillis":1597202220467,"rawTimestampNanos":0},
        {"fitValue":[{"value":{"fpVal":2}}],"originDataSourceId":"derived:com.google.heart_rate.bpm:com.google.android.gms:merge_heart_rate_bpm","endTimeNanos":1597198020000000000,"dataTypeName":"com.google.heart_minutes","startTimeNanos":1597197960000000000,"modifiedTimeMillis":1597202220467,"rawTimestampNanos":0},
        {"fitValue":[{"value":{"fpVal":2}}],"originDataSourceId":"derived:com.google.heart_rate.bpm:com.google.android.gms:merge_heart_rate_bpm","endTimeNanos":1597198080000000000,"dataTypeName":"com.google.heart_minutes","startTimeNanos":1597198020000000000,"modifiedTimeMillis":1597202220467,"rawTimestampNanos":0},
        {"fitValue":[{"value":{"fpVal":2}}],"originDataSourceId":"derived:com.google.heart_rate.bpm:com.google.android.gms:merge_heart_rate_bpm","endTimeNanos":1597323360000000000,"dataTypeName":"com.google.heart_minutes","startTimeNanos":1597323300000000000,"modifiedTimeMillis":1597328773606,"rawTimestampNanos":0},
        {"fitValue":[{"value":{"fpVal":2}}],"originDataSourceId":"derived:com.google.heart_rate.bpm:com.google.android.gms:merge_heart_rate_bpm","endTimeNanos":1597323420000000000,"dataTypeName":"com.google.heart_minutes","startTimeNanos":1597323360000000000,"modifiedTimeMillis":1597328773606,"rawTimestampNanos":0},
        {"fitValue":[{"value":{"fpVal":2}}],"originDataSourceId":"derived:com.google.heart_rate.bpm:com.google.android.gms:merge_heart_rate_bpm","endTimeNanos":1597323480000000000,"dataTypeName":"com.google.heart_minutes","startTimeNanos":1597323420000000000,"modifiedTimeMillis":1597328773606,"rawTimestampNanos":0},
        {"fitValue":[{"value":{"fpVal":2}}],"originDataSourceId":"derived:com.google.heart_rate.bpm:com.google.android.gms:merge_heart_rate_bpm","endTimeNanos":1597323540000000000,"dataTypeName":"com.google.heart_minutes","startTimeNanos":1597323480000000000,"modifiedTimeMillis":1597328773606,"rawTimestampNanos":0},
        {"fitValue":[{"value":{"fpVal":2}}],"originDataSourceId":"derived:com.google.heart_rate.bpm:com.google.android.gms:merge_heart_rate_bpm","endTimeNanos":1597323600000000000,"dataTypeName":"com.google.heart_minutes","startTimeNanos":1597323540000000000,"modifiedTimeMillis":1597328773606,"rawTimestampNanos":0},
        {"fitValue":[{"value":{"fpVal":2}}],"originDataSourceId":"derived:com.google.heart_rate.bpm:com.google.android.gms:merge_heart_rate_bpm","endTimeNanos":1597323660000000000,"dataTypeName":"com.google.heart_minutes","startTimeNanos":1597323600000000000,"modifiedTimeMillis":1597328773606,"rawTimestampNanos":0},
        {"fitValue":[{"value":{"fpVal":2}}],"originDataSourceId":"derived:com.google.heart_rate.bpm:com.google.android.gms:merge_heart_rate_bpm","endTimeNanos":1597323720000000000,"dataTypeName":"com.google.heart_minutes","startTimeNanos":1597323660000000000,"modifiedTimeMillis":1597328773606,"rawTimestampNanos":0},
        {"fitValue":[{"value":{"fpVal":2}}],"originDataSourceId":"derived:com.google.heart_rate.bpm:com.google.android.gms:merge_heart_rate_bpm","endTimeNanos":1597323780000000000,"dataTypeName":"com.google.heart_minutes","startTimeNanos":1597323720000000000,"modifiedTimeMillis":1597328773606,"rawTimestampNanos":0},
        {"fitValue":[{"value":{"fpVal":2}}],"originDataSourceId":"derived:com.google.heart_rate.bpm:com.google.android.gms:merge_heart_rate_bpm","endTimeNanos":1597323840000000000,"dataTypeName":"com.google.heart_minutes","startTimeNanos":1597323780000000000,"modifiedTimeMillis":1597328773606,"rawTimestampNanos":0},
        {"fitValue":[{"value":{"fpVal":2}}],"originDataSourceId":"derived:com.google.heart_rate.bpm:com.google.android.gms:merge_heart_rate_bpm","endTimeNanos":1597323900000000000,"dataTypeName":"com.google.heart_minutes","startTimeNanos":1597323840000000000,"modifiedTimeMillis":1597328773606,"rawTimestampNanos":0},
        {"fitValue":[{"value":{"fpVal":2}}],"originDataSourceId":"derived:com.google.heart_rate.bpm:com.google.android.gms:merge_heart_rate_bpm","endTimeNanos":1597323960000000000,"dataTypeName":"com.google.heart_minutes","startTimeNanos":1597323900000000000,"modifiedTimeMillis":1597328771653,"rawTimestampNanos":0},
        {"fitValue":[{"value":{"fpVal":2}}],"originDataSourceId":"derived:com.google.heart_rate.bpm:com.google.android.gms:merge_heart_rate_bpm","endTimeNanos":1597324020000000000,"dataTypeName":"com.google.heart_minutes","startTimeNanos":1597323960000000000,"modifiedTimeMillis":1597328773606,"rawTimestampNanos":0},
        {"fitValue":[{"value":{"fpVal":2}}],"originDataSourceId":"derived:com.google.heart_rate.bpm:com.google.android.gms:merge_heart_rate_bpm","endTimeNanos":1597324080000000000,"dataTypeName":"com.google.heart_minutes","startTimeNanos":1597324020000000000,"modifiedTimeMillis":1597328773606,"rawTimestampNanos":0},
        {"fitValue":[{"value":{"fpVal":2}}],"originDataSourceId":"derived:com.google.heart_rate.bpm:com.google.android.gms:merge_heart_rate_bpm","endTimeNanos":1597324140000000000,"dataTypeName":"com.google.heart_minutes","startTimeNanos":1597324080000000000,"modifiedTimeMillis":1597328773606,"rawTimestampNanos":0},
        {"fitValue":[{"value":{"fpVal":2}}],"originDataSourceId":"derived:com.google.heart_rate.bpm:com.google.android.gms:merge_heart_rate_bpm","endTimeNanos":1597324200000000000,"dataTypeName":"com.google.heart_minutes","startTimeNanos":1597324140000000000,"modifiedTimeMillis":1597328773606,"rawTimestampNanos":0},
        {"fitValue":[{"value":{"fpVal":2}}],"originDataSourceId":"derived:com.google.heart_rate.bpm:com.google.android.gms:merge_heart_rate_bpm","endTimeNanos":1597324260000000000,"dataTypeName":"com.google.heart_minutes","startTimeNanos":1597324200000000000,"modifiedTimeMillis":1597328773606,"rawTimestampNanos":0},
        {"fitValue":[{"value":{"fpVal":2}}],"originDataSourceId":"derived:com.google.heart_rate.bpm:com.google.android.gms:merge_heart_rate_bpm","endTimeNanos":1597324320000000000,"dataTypeName":"com.google.heart_minutes","startTimeNanos":1597324260000000000,"modifiedTimeMillis":1597328773606,"rawTimestampNanos":0},
        {"fitValue":[{"value":{"fpVal":2}}],"originDataSourceId":"derived:com.google.heart_rate.bpm:com.google.android.gms:merge_heart_rate_bpm","endTimeNanos":1597324380000000000,"dataTypeName":"com.google.heart_minutes","startTimeNanos":1597324320000000000,"modifiedTimeMillis":1597328773606,"rawTimestampNanos":0},
        {"fitValue":[{"value":{"fpVal":2}}],"originDataSourceId":"derived:com.google.heart_rate.bpm:com.google.android.gms:merge_heart_rate_bpm","endTimeNanos":1597324440000000000,"dataTypeName":"com.google.heart_minutes","startTimeNanos":1597324380000000000,"modifiedTimeMillis":1597328773606,"rawTimestampNanos":0},
        {"fitValue":[{"value":{"fpVal":2}}],"originDataSourceId":"derived:com.google.heart_rate.bpm:com.google.android.gms:merge_heart_rate_bpm","endTimeNanos":1597324500000000000,"dataTypeName":"com.google.heart_minutes","startTimeNanos":1597324440000000000,"modifiedTimeMillis":1597328773606,"rawTimestampNanos":0},
        {"fitValue":[{"value":{"fpVal":2}}],"originDataSourceId":"derived:com.google.heart_rate.bpm:com.google.android.gms:merge_heart_rate_bpm","endTimeNanos":1597324560000000000,"dataTypeName":"com.google.heart_minutes","startTimeNanos":1597324500000000000,"modifiedTimeMillis":1597328773606,"rawTimestampNanos":0},
        {"fitValue":[{"value":{"fpVal":2}}],"originDataSourceId":"derived:com.google.heart_rate.bpm:com.google.android.gms:merge_heart_rate_bpm","endTimeNanos":1597324620000000000,"dataTypeName":"com.google.heart_minutes","startTimeNanos":1597324560000000000,"modifiedTimeMillis":1597328773606,"rawTimestampNanos":0},
        {"fitValue":[{"value":{"fpVal":2}}],"originDataSourceId":"derived:com.google.heart_rate.bpm:com.google.android.gms:merge_heart_rate_bpm","endTimeNanos":1597324680000000000,"dataTypeName":"com.google.heart_minutes","startTimeNanos":1597324620000000000,"modifiedTimeMillis":1597328773606,"rawTimestampNanos":0},
        {"fitValue":[{"value":{"fpVal":2}}],"originDataSourceId":"derived:com.google.heart_rate.bpm:com.google.android.gms:merge_heart_rate_bpm","endTimeNanos":1597324740000000000,"dataTypeName":"com.google.heart_minutes","startTimeNanos":1597324680000000000,"modifiedTimeMillis":1597328773606,"rawTimestampNanos":0},
        {"fitValue":[{"value":{"fpVal":2}}],"originDataSourceId":"derived:com.google.heart_rate.bpm:com.google.android.gms:merge_heart_rate_bpm","endTimeNanos":1597324800000000000,"dataTypeName":"com.google.heart_minutes","startTimeNanos":1597324740000000000,"modifiedTimeMillis":1597328773606,"rawTimestampNanos":0},
        {"fitValue":[{"value":{"fpVal":2}}],"originDataSourceId":"derived:com.google.heart_rate.bpm:com.google.android.gms:merge_heart_rate_bpm","endTimeNanos":1597324860000000000,"dataTypeName":"com.google.heart_minutes","startTimeNanos":1597324800000000000,"modifiedTimeMillis":1597328773606,"rawTimestampNanos":0},
        {"fitValue":[{"value":{"fpVal":2}}],"originDataSourceId":"derived:com.google.heart_rate.bpm:com.google.android.gms:merge_heart_rate_bpm","endTimeNanos":1597324920000000000,"dataTypeName":"com.google.heart_minutes","startTimeNanos":1597324860000000000,"modifiedTimeMillis":1597328773606,"rawTimestampNanos":0},
        {"fitValue":[{"value":{"fpVal":2}}],"originDataSourceId":"derived:com.google.heart_rate.bpm:com.google.android.gms:merge_heart_rate_bpm","endTimeNanos":1597324980000000000,"dataTypeName":"com.google.heart_minutes","startTimeNanos":1597324920000000000,"modifiedTimeMillis":1597328773606,"rawTimestampNanos":0},
        {"fitValue":[{"value":{"fpVal":2}}],"originDataSourceId":"derived:com.google.heart_rate.bpm:com.google.android.gms:merge_heart_rate_bpm","endTimeNanos":1597325040000000000,"dataTypeName":"com.google.heart_minutes","startTimeNanos":1597324980000000000,"modifiedTimeMillis":1597328773606,"rawTimestampNanos":0},
        {"fitValue":[{"value":{"fpVal":2}}],"originDataSourceId":"derived:com.google.heart_rate.bpm:com.google.android.gms:merge_heart_rate_bpm","endTimeNanos":1597325100000000000,"dataTypeName":"com.google.heart_minutes","startTimeNanos":1597325040000000000,"modifiedTimeMillis":1597328773606,"rawTimestampNanos":0},
        {"fitValue":[{"value":{"fpVal":2}}],"originDataSourceId":"derived:com.google.heart_rate.bpm:com.google.android.gms:merge_heart_rate_bpm","endTimeNanos":1597325160000000000,"dataTypeName":"com.google.heart_minutes","startTimeNanos":1597325100000000000,"modifiedTimeMillis":1597328773606,"rawTimestampNanos":0},
        {"fitValue":[{"value":{"fpVal":2}}],"originDataSourceId":"derived:com.google.heart_rate.bpm:com.google.android.gms:merge_heart_rate_bpm","endTimeNanos":1597325220000000000,"dataTypeName":"com.google.heart_minutes","startTimeNanos":1597325160000000000,"modifiedTimeMillis":1597328773606,"rawTimestampNanos":0},
        {"fitValue":[{"value":{"fpVal":2}}],"originDataSourceId":"derived:com.google.heart_rate.bpm:com.google.android.gms:merge_heart_rate_bpm","endTimeNanos":1597325280000000000,"dataTypeName":"com.google.heart_minutes","startTimeNanos":1597325220000000000,"modifiedTimeMillis":1597328773606,"rawTimestampNanos":0},
        {"fitValue":[{"value":{"fpVal":2}}],"originDataSourceId":"derived:com.google.heart_rate.bpm:com.google.android.gms:merge_heart_rate_bpm","endTimeNanos":1597325340000000000,"dataTypeName":"com.google.heart_minutes","startTimeNanos":1597325280000000000,"modifiedTimeMillis":1597328773606,"rawTimestampNanos":0},
        {"fitValue":[{"value":{"fpVal":2}}],"originDataSourceId":"derived:com.google.heart_rate.bpm:com.google.android.gms:merge_heart_rate_bpm","endTimeNanos":1597325400000000000,"dataTypeName":"com.google.heart_minutes","startTimeNanos":1597325340000000000,"modifiedTimeMillis":1597328773606,"rawTimestampNanos":0},
        {"fitValue":[{"value":{"fpVal":2}}],"originDataSourceId":"derived:com.google.heart_rate.bpm:com.google.android.gms:merge_heart_rate_bpm","endTimeNanos":1597325460000000000,"dataTypeName":"com.google.heart_minutes","startTimeNanos":1597325400000000000,"modifiedTimeMillis":1597328773606,"rawTimestampNanos":0},
        {"fitValue":[{"value":{"fpVal":2}}],"originDataSourceId":"derived:com.google.heart_rate.bpm:com.google.android.gms:merge_heart_rate_bpm","endTimeNanos":1597325520000000000,"dataTypeName":"com.google.heart_minutes","startTimeNanos":1597325460000000000,"modifiedTimeMillis":1597328773606,"rawTimestampNanos":0},
        {"fitValue":[{"value":{"fpVal":2}}],"originDataSourceId":"derived:com.google.heart_rate.bpm:com.google.android.gms:merge_heart_rate_bpm","endTimeNanos":1597325580000000000,"dataTypeName":"com.google.heart_minutes","startTimeNanos":1597325520000000000,"modifiedTimeMillis":1597328773606,"rawTimestampNanos":0},
        {"fitValue":[{"value":{"fpVal":2}}],"originDataSourceId":"derived:com.google.heart_rate.bpm:com.google.android.gms:merge_heart_rate_bpm","endTimeNanos":1597325640000000000,"dataTypeName":"com.google.heart_minutes","startTimeNanos":1597325580000000000,"modifiedTimeMillis":1597328773606,"rawTimestampNanos":0},
        {"fitValue":[{"value":{"fpVal":2}}],"originDataSourceId":"derived:com.google.heart_rate.bpm:com.google.android.gms:merge_heart_rate_bpm","endTimeNanos":1597325700000000000,"dataTypeName":"com.google.heart_minutes","startTimeNanos":1597325640000000000,"modifiedTimeMillis":1597328773606,"rawTimestampNanos":0},
        {"fitValue":[{"value":{"fpVal":2}}],"originDataSourceId":"derived:com.google.heart_rate.bpm:com.google.android.gms:merge_heart_rate_bpm","endTimeNanos":1597325760000000000,"dataTypeName":"com.google.heart_minutes","startTimeNanos":1597325700000000000,"modifiedTimeMillis":1597328773606,"rawTimestampNanos":0},
        {"fitValue":[{"value":{"fpVal":2}}],"originDataSourceId":"derived:com.google.heart_rate.bpm:com.google.android.gms:merge_heart_rate_bpm","endTimeNanos":1597325820000000000,"dataTypeName":"com.google.heart_minutes","startTimeNanos":1597325760000000000,"modifiedTimeMillis":1597328773606,"rawTimestampNanos":0},
        {"fitValue":[{"value":{"fpVal":2}}],"originDataSourceId":"derived:com.google.heart_rate.bpm:com.google.android.gms:merge_heart_rate_bpm","endTimeNanos":1597325880000000000,"dataTypeName":"com.google.heart_minutes","startTimeNanos":1597325820000000000,"modifiedTimeMillis":1597328773606,"rawTimestampNanos":0},
        {"fitValue":[{"value":{"fpVal":2}}],"originDataSourceId":"derived:com.google.heart_rate.bpm:com.google.android.gms:merge_heart_rate_bpm","endTimeNanos":1597325940000000000,"dataTypeName":"com.google.heart_minutes","startTimeNanos":1597325880000000000,"modifiedTimeMillis":1597328773606,"rawTimestampNanos":0}
    ]
}