{
    "Data Source": "raw:com.google.activity.segment:com.google.android.apps.fitness:user_input",
    "Data Points": [
        {"fitValue":[{"value":{"intVal":10}}],"originDataSourceId":"raw:com.google.activity.segment:com.google.android.apps.fitness:user_input","endTimeNanos":1495552200000000000,"dataTypeName":"com.google.activity.segment","startTimeNanos":1495549800000000000,"modifiedTimeMillis":1495555103965,"rawTimestampNanos":0},
        {"fitValue":[{"value":{"intVal":3}}],"originDataSourceId":"raw:com.google.activity.segment:com.google.android.apps.fitness:user_input","endTimeNanos":1495553298506000000,"dataTypeName":"com.google.activity.segment","startTimeNanos":1495553061120000000,"modifiedTimeMillis":1495553767144,"rawTimestampNanos":0}
    ]
}