{
    "Data Source": "raw:com.google.heart_rate.bpm:com.google.android.apps.fitness:Compal:Fossil Sport:12135661c754eb9d:manual",
    "Data Points": [
        {"fitValue":[{"value":{"fpVal":88.1878890991211}}],"originDataSourceId":"raw:com.google.heart_rate.bpm:Compal:Fossil Sport:fd6b573b4a1f9906:pah_hr  Wakeup","endTimeNanos":1577706181099254926,"dataTypeName":"com.google.heart_rate.bpm","startTimeNanos":1577706181099254926,"modifiedTimeMillis":1578749788124,"rawTimestampNanos":0},
        {"fitValue":[{"value":{"fpVal":87.82691955566406}}],"originDataSourceId":"raw:com.google.heart_rate.bpm:Compal:Fossil Sport:fd6b573b4a1f9906:pah_hr  Wakeup","endTimeNanos":1577771229330793726,"dataTypeName":"com.google.heart_rate.bpm","startTimeNanos":1577771229330793726,"modifiedTimeMillis":1578749788124,"rawTimestampNanos":0}
    ]
}