{
    "Data Source": "raw:com.google.height:com.google.android.apps.fitness:user_input",
    "Data Points": [
        {"fitValue":[{"value":{"fpVal":1.6399999856948853}}],"originDataSourceId":"raw:com.google.height:com.google.android.apps.fitness:user_input","endTimeNanos":1495553214434000000,"dataTypeName":"com.google.height","startTimeNanos":1495553214434000000,"modifiedTimeMillis":1495553767174,"rawTimestampNanos":0},
        {"fitValue":[{"value":{"fpVal":1.7200000286102295}}],"originDataSourceId":"","endTimeNanos":1577695729922000000,"dataTypeName":"com.google.height","startTimeNanos":1577695729922000000,"modifiedTimeMillis":1577699342121,"rawTimestampNanos":0}
    ]
}