{
    "Data Source": "raw:com.google.weight:com.google.android.apps.fitness:user_input",
    "Data Points": [
        {"fitValue":[{"value":{"fpVal":60}}],"originDataSourceId":"raw:com.google.weight:com.google.android.apps.fitness:user_input","endTimeNanos":1495553216789000000,"dataTypeName":"com.google.weight","startTimeNanos":1495553216789000000,"modifiedTimeMillis":1495553767129,"rawTimestampNanos":0},
        {"fitValue":[{"value":{"fpVal":60}}],"originDataSourceId":"raw:com.google.weight:com.google.android.apps.fitness:user_input","endTimeNanos":1495553686421000000,"dataTypeName":"com.google.weight","startTimeNanos":1495553686421000000,"modifiedTimeMillis":1495553767129,"rawTimestampNanos":0},
        {"fitValue":[{"value":{"fpVal":65}}],"originDataSourceId":"","endTimeNanos":1577695730479000000,"dataTypeName":"com.google.weight","startTimeNanos":1577695730479000000,"modifiedTimeMillis":1577699342121,"rawTimestampNanos":0},
        {"fitValue":[{"value":{"fpVal":70}}],"originDataSourceId":"","endTimeNanos":1616332039195000000,"dataTypeName":"com.google.weight","startTimeNanos":1616332039195000000,"modifiedTimeMillis":1616332103349,"rawTimestampNanos":0}
    ]
}