{
    "Data Source": "raw:com.google.activity.segment:com.google.android.apps.fitness:Compal:Fossil Sport:12135661c754eb9d:user_input",
    "Data Points": [
        {"fitValue":[{"value":{"intVal":3}}],"originDataSourceId":"","endTimeNanos":1597194943303000000,"dataTypeName":"com.google.activity.segment","startTimeNanos":1597194941570000000,"modifiedTimeMillis":1597202210928,"rawTimestampNanos":0},
        {"fitValue":[{"value":{"intVal":3}}],"originDataSourceId":"","endTimeNanos":1597195379658000000,"dataTypeName":"com.google.activity.segment","startTimeNanos":1597195260740000000,"modifiedTimeMillis":1597202210928,"rawTimestampNanos":0},
        {"fitValue":[{"value":{"intVal":3}}],"originDataSourceId":"","endTimeNanos":1597195500035000000,"dataTypeName":"com.google.activity.segment","startTimeNanos":1597195499051000000,"modifiedTimeMillis":1597202210928,"rawTimestampNanos":0},
        {"fitValue":[{"value":{"intVal":3}}],"originDataSourceId":"","endTimeNanos":1597197766307000000,"dataTypeName":"com.google.activity.segment","startTimeNanos":1597197123127000000,"modifiedTimeMillis":1597202215297,"rawTimestampNanos":0},
        {"fitValue":[{"value":{"intVal":3}}],"originDataSourceId":"","endTimeNanos":1597198094441000000,"dataTypeName":"com.google.activity.segment","startTimeNanos":1597198093391000000,"modifiedTimeMillis":1597202215297,"rawTimestampNanos":0},
        {"fitValue":[{"value":{"intVal":3}}],"originDataSourceId":"","endTimeNanos":1597325998316000000,"dataTypeName":"com.google.activity.segment","startTimeNanos":1597325992705000000,"modifiedTimeMillis":1597328768580,"rawTimestampNanos":0}
    ]
}