{
  "fitnessActivity": "walking",
  "startTime": "2020-01-18T07:41:10.085Z",
  "endTime": "2020-01-18T08:31:30.472Z",
  "duration": "806.176s",
  "segment": [{
    "fitnessActivity": "walking",
    "startTime": "2020-01-18T07:41:10.085Z",
    "endTime": "2020-01-18T07:43:27.035Z"
  }, {
    "fitnessActivity": "walking",
    "startTime": "2020-01-18T07:51:47.047Z",
    "endTime": "2020-01-18T07:53:13.235Z"
  }, {
    "fitnessActivity": "walking",
    "startTime": "2020-01-18T08:06:47.422Z",
    "endTime": "2020-01-18T08:09:05.947Z"
  }, {
    "fitnessActivity": "walking",
    "startTime": "2020-01-18T08:09:44.622Z",
    "endTime": "2020-01-18T08:10:59.260Z"
  }, {
    "fitnessActivity": "walking",
    "startTime": "2020-01-18T08:25:20.597Z",
    "endTime": "2020-01-18T08:31:30.472Z"
  }],
  "aggregate": [{
    "metricName": "com.google.heart_minutes.summary",
    "floatValue": 3.0
  }, {
    "metricName": "com.google.calories.expended",
    "floatValue": 93.6768213352274
  }, {
    "metricName": "com.google.step_count.delta",
    "intValue": 1509
  }, {
    "metricName": "com.google.distance.delta",
    "floatValue": 953.3023645468867
  }, {
    "metricName": "com.google.speed.summary",
    "floatValue": 0.7060954909726306
  }, {
    "metricName": "com.google.active_minutes",
    "intValue": 19
  }]
}