{
  "fitnessActivity": "walking",
  "startTime": "2020-01-18T07:10:29.747Z",
  "endTime": "2020-01-18T07:25:46.210Z",
  "duration": "916.463s",
  "segment": [{
    "fitnessActivity": "walking",
    "startTime": "2020-01-18T07:10:29.747Z",
    "endTime": "2020-01-18T07:25:46.210Z"
  }],
  "aggregate": [{
    "metricName": "com.google.heart_minutes.summary",
    "floatValue": 9.0
  }, {
    "metricName": "com.google.calories.expended",
    "floatValue": 62.87950969970767
  }, {
    "metricName": "com.google.step_count.delta",
    "intValue": 1544
  }, {
    "metricName": "com.google.distance.delta",
    "floatValue": 1067.5710497085458
  }, {
    "metricName": "com.google.speed.summary",
    "floatValue": 1.151081563848833
  }, {
    "metricName": "com.google.active_minutes",
    "intValue": 15
  }]
}