{
  "fitnessActivity": "running.jogging",
  "startTime": "2020-08-12T01:16:20.363Z",
  "endTime": "2020-08-12T01:25:00.035Z",
  "duration": "399.770s",
  "segment": [{
    "fitnessActivity": "running.jogging",
    "startTime": "2020-08-12T01:16:20.363Z",
    "endTime": "2020-08-12T01:21:00.740Z"
  }, {
    "fitnessActivity": "running.jogging",
    "startTime": "2020-08-12T01:22:59.658Z",
    "endTime": "2020-08-12T01:24:59.051Z"
  }],
  "aggregate": [{
    "metricName": "com.google.heart_minutes.summary",
    "floatValue": 12.0
  }, {
    "metricName": "com.google.calories.expended",
    "floatValue": 60.6225028950721
  }, {
    "metricName": "com.google.step_count.delta",
    "intValue": 1132
  }, {
    "metricName": "com.google.distance.delta",
    "floatValue": 782.2953245639801
  }, {
    "metricName": "com.google.speed.summary",
    "floatValue": 1.6337671913542509
  }, {
    "metricName": "com.google.active_minutes",
    "intValue": 9
  }]
}