{
  "fitnessActivity": "biking",
  "startTime": "2020-08-12T01:30:19.131Z",
  "endTime": "2020-08-12T02:08:14.441Z",
  "duration": "1631.080s",
  "segment": [{
    "fitnessActivity": "biking",
    "startTime": "2020-08-12T01:30:19.131Z",
    "endTime": "2020-08-12T01:52:03.127Z"
  }, {
    "fitnessActivity": "biking",
    "startTime": "2020-08-12T02:02:46.307Z",
    "endTime": "2020-08-12T02:08:13.391Z"
  }],
  "aggregate": [{
    "metricName": "com.google.heart_minutes.summary",
    "floatValue": 50.0
  }, {
    "metricName": "com.google.calories.expended",
    "floatValue": 128.96240371465683
  }, {
    "metricName": "com.google.step_count.delta",
    "intValue": 66
  }, {
    "metricName": "com.google.distance.delta",
    "floatValue": 5921.523557543755
  }, {
    "metricName": "com.google.speed.summary",
    "floatValue": 2.812830017724774
  }, {
    "metricName": "com.google.active_minutes",
    "intValue": 26
  }]
}