{
  "fitnessActivity": "biking",
  "startTime": "2020-08-12T01:06:22.252Z",
  "endTime": "2020-08-12T01:15:43.303Z",
  "duration": "559.318s",
  "segment": [{
    "fitnessActivity": "biking",
    "startTime": "2020-08-12T01:06:22.252Z",
    "endTime": "2020-08-12T01:15:41.570Z"
  }],
  "aggregate": [{
    "metricName": "com.google.heart_minutes.summary",
    "floatValue": 8.0
  }, {
    "metricName": "com.google.calories.expended",
    "floatValue": 40.42521019279957
  }, {
    "metricName": "com.google.distance.delta",
    "floatValue": 708.2494306564331
  }, {
    "metricName": "com.google.speed.summary",
    "floatValue": 2.0123095483293363
  }, {
    "metricName": "com.google.active_minutes",
    "intValue": 8
  }]
}