{
  "fitnessActivity": "biking",
  "startTime": "2020-08-13T12:54:20.788Z",
  "endTime": "2020-08-13T13:39:58.316Z",
  "duration": "2731.917s",
  "segment": [{
    "fitnessActivity": "biking",
    "startTime": "2020-08-13T12:54:20.788Z",
    "endTime": "2020-08-13T13:39:52.705Z"
  }],
  "aggregate": [{
    "metricName": "com.google.heart_minutes.summary",
    "floatValue": 88.0
  }, {
    "metricName": "com.google.calories.expended",
    "floatValue": 197.40231785178185
  }, {
    "metricName": "com.google.step_count.delta",
    "intValue": 4
  }, {
    "metricName": "com.google.distance.delta",
    "floatValue": 10075.878165721893
  }, {
    "metricName": "com.google.speed.summary",
    "floatValue": 3.486307905273833
  }, {
    "metricName": "com.google.active_minutes",
    "intValue": 44
  }]
}