{
  "fitnessActivity": "walking",
  "startTime": "2020-01-04T17:51:10.355Z",
  "endTime": "2020-01-04T18:10:46.815Z",
  "duration": "546.514s",
  "segment": [{
    "fitnessActivity": "walking",
    "startTime": "2020-01-04T17:51:10.355Z",
    "endTime": "2020-01-04T17:52:25.693Z"
  }, {
    "fitnessActivity": "walking",
    "startTime": "2020-01-04T17:53:58.780Z",
    "endTime": "2020-01-04T17:57:48.393Z"
  }, {
    "fitnessActivity": "walking",
    "startTime": "2020-01-04T18:06:40.790Z",
    "endTime": "2020-01-04T18:07:46.440Z"
  }, {
    "fitnessActivity": "walking",
    "startTime": "2020-01-04T18:07:50.902Z",
    "endTime": "2020-01-04T18:10:46.815Z"
  }],
  "aggregate": [{
    "metricName": "com.google.heart_minutes.summary",
    "floatValue": 1.0
  }, {
    "metricName": "com.google.calories.expended",
    "floatValue": 48.41153733105189
  }, {
    "metricName": "com.google.step_count.delta",
    "intValue": 864
  }, {
    "metricName": "com.google.distance.delta",
    "floatValue": 562.7202375324349
  }, {
    "metricName": "com.google.speed.summary",
    "floatValue": 1.1044256540934527
  }, {
    "metricName": "com.google.active_minutes",
    "intValue": 10
  }]
}