{
  "fitnessActivity": "biking",
  "startTime": "2021-04-04T12:12:38.947Z",
  "endTime": "2021-04-04T13:17:17.457Z",
  "duration": "3878.510s",
  "segment": [{
    "fitnessActivity": "biking",
    "startTime": "2021-04-04T12:12:38.947Z",
    "endTime": "2021-04-04T13:17:17.457Z"
  }],
  "aggregate": [{
    "metricName": "com.google.heart_minutes.summary",
    "floatValue": 64.0
  }, {
    "metricName": "com.google.calories.expended",
    "floatValue": 301.66185760498047
  }, {
    "metricName": "com.google.active_minutes",
    "intValue": 64
  }]
}