{
  "fitnessActivity": "biking",
  "startTime": "2021-07-28T14:31:29.369Z",
  "endTime": "2021-07-28T14:57:19.467Z",
  "duration": "1550.098s",
  "segment": [{
    "fitnessActivity": "biking",
    "startTime": "2021-07-28T14:31:29.369Z",
    "endTime": "2021-07-28T14:57:19.467Z"
  }],
  "aggregate": [{
    "metricName": "com.google.heart_minutes.summary",
    "floatValue": 25.0
  }, {
    "metricName": "com.google.calories.expended",
    "floatValue": 120.56317138671875
  }, {
    "metricName": "com.google.active_minutes",
    "intValue": 26
  }]
}