{
  "fitnessActivity": "biking",
  "startTime": "2021-03-22T11:36:39.058Z",
  "endTime": "2021-03-22T11:46:55.031Z",
  "duration": "615.973s",
  "segment": [{
    "fitnessActivity": "biking",
    "startTime": "2021-03-22T11:36:39.058Z",
    "endTime": "2021-03-22T11:46:55.031Z"
  }],
  "aggregate": [{
    "metricName": "com.google.heart_minutes.summary",
    "floatValue": 9.0
  }, {
    "metricName": "com.google.calories.expended",
    "floatValue": 47.90900802612305
  }, {
    "metricName": "com.google.active_minutes",
    "intValue": 9
  }]
}