{
  "fitnessActivity": "biking",
  "startTime": "2021-03-23T06:57:39.004Z",
  "endTime": "2021-03-23T07:14:22.741Z",
  "duration": "1003.737s",
  "segment": [{
    "fitnessActivity": "biking",
    "startTime": "2021-03-23T06:57:39.004Z",
    "endTime": "2021-03-23T07:14:22.741Z"
  }],
  "aggregate": [{
    "metricName": "com.google.heart_minutes.summary",
    "floatValue": 16.0
  }, {
    "metricName": "com.google.calories.expended",
    "floatValue": 78.06843566894531
  }, {
    "metricName": "com.google.active_minutes",
    "intValue": 16
  }]
}