{
  "fitnessActivity": "biking",
  "startTime": "2021-04-04T05:15:31.274Z",
  "endTime": "2021-04-04T05:26:02.616Z",
  "duration": "631.342s",
  "segment": [{
    "fitnessActivity": "biking",
    "startTime": "2021-04-04T05:15:31.274Z",
    "endTime": "2021-04-04T05:26:02.616Z"
  }],
  "aggregate": [{
    "metricName": "com.google.heart_minutes.summary",
    "floatValue": 10.0
  }, {
    "metricName": "com.google.calories.expended",
    "floatValue": 49.104373931884766
  }, {
    "metricName": "com.google.active_minutes",
    "intValue": 10
  }]
}