{
  "fitnessActivity": "biking",
  "startTime": "2021-04-19T12:32:40.434Z",
  "endTime": "2021-04-19T12:56:12.510Z",
  "duration": "1412.076s",
  "segment": [{
    "fitnessActivity": "biking",
    "startTime": "2021-04-19T12:32:40.434Z",
    "endTime": "2021-04-19T12:56:12.510Z"
  }],
  "aggregate": [{
    "metricName": "com.google.heart_minutes.summary",
    "floatValue": 23.0
  }, {
    "metricName": "com.google.calories.expended",
    "floatValue": 109.82813262939453
  }, {
    "metricName": "com.google.active_minutes",
    "intValue": 23
  }]
}