{
  "fitnessActivity": "biking",
  "startTime": "2021-03-23T12:19:36.452Z",
  "endTime": "2021-03-23T13:08:47.188Z",
  "duration": "2950.736s",
  "segment": [{
    "fitnessActivity": "biking",
    "startTime": "2021-03-23T12:19:36.452Z",
    "endTime": "2021-03-23T13:08:47.188Z"
  }],
  "aggregate": [{
    "metricName": "com.google.heart_minutes.summary",
    "floatValue": 48.0
  }, {
    "metricName": "com.google.calories.expended",
    "floatValue": 229.50169372558594
  }, {
    "metricName": "com.google.active_minutes",
    "intValue": 48
  }]
}