{
  "fitnessActivity": "walking",
  "startTime": "2021-04-10T13:02:07.929Z",
  "endTime": "2021-04-10T13:28:15.474Z",
  "duration": "1567.545s",
  "segment": [{
    "fitnessActivity": "walking",
    "startTime": "2021-04-10T13:02:07.929Z",
    "endTime": "2021-04-10T13:27:50.718Z"
  }, {
    "fitnessActivity": "walking",
    "startTime": "2021-04-10T13:27:50.718Z",
    "endTime": "2021-04-10T13:28:15.474Z"
  }],
  "aggregate": [{
    "metricName": "com.google.heart_minutes.summary",
    "floatValue": 3.0
  }, {
    "metricName": "com.google.calories.expended",
    "floatValue": 115.82415781530443
  }, {
    "metricName": "com.google.step_count.delta",
    "intValue": 2360
  }, {
    "metricName": "com.google.distance.delta",
    "floatValue": 1585.0138233456082
  }, {
    "metricName": "com.google.speed.summary",
    "floatValue": 1.0377277037025479
  }, {
    "metricName": "com.google.active_minutes",
    "intValue": 25
  }]
}