{
  "fitnessActivity": "walking",
  "startTime": "2021-04-05T14:45:54.843Z",
  "endTime": "2021-04-05T15:17:36.134Z",
  "duration": "1679.883s",
  "segment": [{
    "fitnessActivity": "walking",
    "startTime": "2021-04-05T14:45:54.843Z",
    "endTime": "2021-04-05T15:07:41.120Z"
  }, {
    "fitnessActivity": "walking",
    "startTime": "2021-04-05T15:07:41.120Z",
    "endTime": "2021-04-05T15:07:54.154Z"
  }, {
    "fitnessActivity": "walking",
    "startTime": "2021-04-05T15:09:28.185Z",
    "endTime": "2021-04-05T15:10:11.557Z"
  }, {
    "fitnessActivity": "walking",
    "startTime": "2021-04-05T15:10:11.557Z",
    "endTime": "2021-04-05T15:13:51.676Z"
  }, {
    "fitnessActivity": "walking",
    "startTime": "2021-04-05T15:15:59.053Z",
    "endTime": "2021-04-05T15:17:36.134Z"
  }],
  "aggregate": [{
    "metricName": "com.google.heart_minutes.summary",
    "floatValue": 1.0
  }, {
    "metricName": "com.google.calories.expended",
    "floatValue": 128.08904230594635
  }, {
    "metricName": "com.google.step_count.delta",
    "intValue": 2430
  }, {
    "metricName": "com.google.distance.delta",
    "floatValue": 1605.1626572608948
  }, {
    "metricName": "com.google.speed.summary",
    "floatValue": 0.9665216324422431
  }, {
    "metricName": "com.google.active_minutes",
    "intValue": 27
  }]
}