{
  "fitnessActivity": "walking",
  "startTime": "2021-05-07T13:39:52.322Z",
  "endTime": "2021-05-07T14:03:06.410Z",
  "duration": "1394.088s",
  "segment": [{
    "fitnessActivity": "walking",
    "startTime": "2021-05-07T13:39:52.322Z",
    "endTime": "2021-05-07T13:51:19.053Z"
  }, {
    "fitnessActivity": "walking",
    "startTime": "2021-05-07T13:51:19.053Z",
    "endTime": "2021-05-07T13:52:14.239Z"
  }, {
    "fitnessActivity": "walking",
    "startTime": "2021-05-07T13:52:14.239Z",
    "endTime": "2021-05-07T14:03:06.410Z"
  }],
  "aggregate": [{
    "metricName": "com.google.heart_minutes.summary",
    "floatValue": 2.0
  }, {
    "metricName": "com.google.calories.expended",
    "floatValue": 103.00756324649119
  }, {
    "metricName": "com.google.step_count.delta",
    "intValue": 2034
  }, {
    "metricName": "com.google.distance.delta",
    "floatValue": 1346.7065892198175
  }, {
    "metricName": "com.google.speed.summary",
    "floatValue": 0.9755240873205244
  }, {
    "metricName": "com.google.active_minutes",
    "intValue": 24
  }]
}