{
  "fitnessActivity": "biking",
  "startTime": "2021-04-02T11:33:54.727Z",
  "endTime": "2021-04-02T12:22:43.949Z",
  "duration": "2929.222s",
  "segment": [{
    "fitnessActivity": "biking",
    "startTime": "2021-04-02T11:33:54.727Z",
    "endTime": "2021-04-02T12:22:43.949Z"
  }],
  "aggregate": [{
    "metricName": "com.google.heart_minutes.summary",
    "floatValue": 48.0
  }, {
    "metricName": "com.google.calories.expended",
    "floatValue": 227.82838439941406
  }, {
    "metricName": "com.google.active_minutes",
    "intValue": 48
  }]
}