{
  "fitnessActivity": "biking",
  "startTime": "2021-03-22T11:11:21.823Z",
  "endTime": "2021-03-22T11:19:45.995Z",
  "duration": "504.172s",
  "segment": [{
    "fitnessActivity": "biking",
    "startTime": "2021-03-22T11:11:21.823Z",
    "endTime": "2021-03-22T11:19:45.995Z"
  }],
  "aggregate": [{
    "metricName": "com.google.heart_minutes.summary",
    "floatValue": 7.0
  }, {
    "metricName": "com.google.calories.expended",
    "floatValue": 39.213375091552734
  }, {
    "metricName": "com.google.active_minutes",
    "intValue": 7
  }]
}