{
  "fitnessActivity": "biking",
  "startTime": "2021-04-23T06:46:18.308Z",
  "endTime": "2021-04-23T07:19:00.461Z",
  "duration": "1962.153s",
  "segment": [{
    "fitnessActivity": "biking",
    "startTime": "2021-04-23T06:46:18.308Z",
    "endTime": "2021-04-23T07:19:00.461Z"
  }],
  "aggregate": [{
    "metricName": "com.google.heart_minutes.summary",
    "floatValue": 32.0
  }, {
    "metricName": "com.google.calories.expended",
    "floatValue": 152.6118927001953
  }, {
    "metricName": "com.google.active_minutes",
    "intValue": 32
  }]
}