{
  "fitnessActivity": "walking",
  "startTime": "2021-04-15T05:53:40.667Z",
  "endTime": "2021-04-15T06:05:21.779Z",
  "duration": "701.112s",
  "segment": [{
    "fitnessActivity": "walking",
    "startTime": "2021-04-15T05:53:40.667Z",
    "endTime": "2021-04-15T06:05:21.779Z"
  }],
  "aggregate": [{
    "metricName": "com.google.heart_minutes.summary",
    "floatValue": 1.0
  }, {
    "metricName": "com.google.calories.expended",
    "floatValue": 51.80438232421875
  }, {
    "metricName": "com.google.step_count.delta",
    "intValue": 840
  }, {
    "metricName": "com.google.distance.delta",
    "floatValue": 564.960232257843
  }, {
    "metricName": "com.google.speed.summary",
    "floatValue": 0.9850647939697957
  }, {
    "metricName": "com.google.active_minutes",
    "intValue": 10
  }]
}