{
  "fitnessActivity": "walking",
  "startTime": "2021-07-30T12:37:50.579Z",
  "endTime": "2021-07-30T13:27:38.479Z",
  "duration": "2204.989s",
  "segment": [{
    "fitnessActivity": "walking",
    "startTime": "2021-07-30T12:37:50.579Z",
    "endTime": "2021-07-30T12:37:50.698Z"
  }, {
    "fitnessActivity": "walking",
    "startTime": "2021-07-30T12:37:50.698Z",
    "endTime": "2021-07-30T12:39:48.847Z"
  }, {
    "fitnessActivity": "walking",
    "startTime": "2021-07-30T12:39:48.847Z",
    "endTime": "2021-07-30T12:40:11.909Z"
  }, {
    "fitnessActivity": "walking",
    "startTime": "2021-07-30T12:46:00.487Z",
    "endTime": "2021-07-30T13:04:17.128Z"
  }, {
    "fitnessActivity": "walking",
    "startTime": "2021-07-30T13:04:17.128Z",
    "endTime": "2021-07-30T13:04:42.967Z"
  }, {
    "fitnessActivity": "walking",
    "startTime": "2021-07-30T13:06:44.364Z",
    "endTime": "2021-07-30T13:20:26.510Z"
  }, {
    "fitnessActivity": "walking",
    "startTime": "2021-07-30T13:20:26.510Z",
    "endTime": "2021-07-30T13:20:30.613Z"
  }, {
    "fitnessActivity": "walking",
    "startTime": "2021-07-30T13:24:33.710Z",
    "endTime": "2021-07-30T13:25:18Z"
  }, {
    "fitnessActivity": "walking",
    "startTime": "2021-07-30T13:26:27.839Z",
    "endTime": "2021-07-30T13:27:38.479Z"
  }],
  "aggregate": [{
    "metricName": "com.google.heart_minutes.summary",
    "floatValue": 15.0
  }, {
    "metricName": "com.google.calories.expended",
    "floatValue": 176.94231000570517
  }, {
    "metricName": "com.google.step_count.delta",
    "intValue": 3457
  }, {
    "metricName": "com.google.distance.delta",
    "floatValue": 2340.741871676071
  }, {
    "metricName": "com.google.speed.summary",
    "floatValue": 0.9144138355342551
  }, {
    "metricName": "com.google.active_minutes",
    "intValue": 44
  }]
}