{
  "fitnessActivity": "biking",
  "startTime": "2021-04-01T12:53:18.662Z",
  "endTime": "2021-04-01T13:22:11.665Z",
  "duration": "1733.003s",
  "segment": [{
    "fitnessActivity": "biking",
    "startTime": "2021-04-01T12:53:18.662Z",
    "endTime": "2021-04-01T13:22:11.665Z"
  }],
  "aggregate": [{
    "metricName": "com.google.heart_minutes.summary",
    "floatValue": 28.0
  }, {
    "metricName": "com.google.calories.expended",
    "floatValue": 134.78912353515625
  }, {
    "metricName": "com.google.active_minutes",
    "intValue": 28
  }]
}